Plot_ID,species,Phenophase,year,Month,DOY,cover,lat,long,jan,feb,mar,april,may,june,july,aug,sept,oct,nov,dec,winter,spring,summer,fall,MAT,MAT_av,MAP_av,MSP_av
0609-180,Gaultheria shallon,Flower,1980,6,162,2,47.38488792,-123.6632682,-1.637096774,3.008928571,3.733870968,8.733333333,12.275,10.25,14.96774194,14.42741935,12.79166667,9.10483871,3.68125,5.083333333,2.15172171,8.247401434,13.21505376,8.52591846,8.035023842,9.1,4400,688
0609-188,Gaultheria shallon,Flower,1980,7,184,2,47.51434576,-123.192382,-0.540322581,3.705357143,4.556451613,8.308333333,9.516666667,11.125,14.67741935,14.19354839,12.5,9.548387097,4.28125,6.107142857,3.090725806,7.460483871,13.33198925,8.776545699,8.164936156,8.4,2477,360
0605-2355,Gaultheria shallon,Flower,1980,7,197,20,47.18591321,-121.4901691,-3.701612903,1.633928571,3.193548387,8.183333333,11.88333333,10.1,15.71774194,14.48387097,12.99166667,9.556451613,2.575,3.916666667,0.616327445,7.753405017,13.43387097,8.374372761,7.544494048,6.2,1872,307
0605-2361,Gaultheria shallon,Flower,1980,7,198,1,47.15361922,-121.5109772,-3.701612903,1.633928571,3.193548387,8.183333333,11.88333333,10.1,15.71774194,14.48387097,12.99166667,9.556451613,2.575,3.916666667,0.616327445,7.753405017,13.43387097,8.374372761,7.544494048,5.4,2133,351
0605-2364,Gaultheria shallon,Flower,1980,7,198,8,47.16987774,-121.5219239,-3.701612903,1.633928571,3.193548387,8.183333333,11.88333333,10.1,15.71774194,14.48387097,12.99166667,9.556451613,2.575,3.916666667,0.616327445,7.753405017,13.43387097,8.374372761,7.544494048,5.8,2063,336
0605-2368,Gaultheria shallon,Flower,1980,7,199,2,47.17449699,-121.5312446,-3.701612903,1.633928571,3.193548387,8.183333333,11.88333333,10.1,15.71774194,14.48387097,12.99166667,9.556451613,2.575,3.916666667,0.616327445,7.753405017,13.43387097,8.374372761,7.544494048,6.1,1955,316
0605-2370,Gaultheria shallon,Flower,1980,7,199,10,47.17944135,-121.5336686,-3.701612903,1.633928571,3.193548387,8.183333333,11.88333333,10.1,15.71774194,14.48387097,12.99166667,9.556451613,2.575,3.916666667,0.616327445,7.753405017,13.43387097,8.374372761,7.544494048,6.3,1868,300
0605-2338,Gaultheria shallon,Flower,1980,7,199,15,47.27043986,-121.5396443,-4.580645161,0.330357143,1.403225806,6.466666667,9.916666667,8.341666667,14.08064516,12.86290323,11.51666667,8.346774194,1.3625,3.714285714,-0.178667435,5.928853047,11.76173835,7.075313621,6.146809396,5.7,2564,452
0605-2374,Gaultheria shallon,Flower,1980,7,199,40,47.19064415,-121.5434983,-3.701612903,1.633928571,3.193548387,8.183333333,11.88333333,10.1,15.71774194,14.48387097,12.99166667,9.556451613,2.575,3.916666667,0.616327445,7.753405017,13.43387097,8.374372761,7.544494048,7,1674,264
0609-276,Gaultheria shallon,Flower,1980,7,206,20,47.41981719,-123.8800737,-5.693548387,0.321428571,-2.685483871,2.775,6.591666667,4.7,10.77419355,10.37903226,8.675,6.709677419,-1.25,1.321428571,-1.350230415,2.227060932,8.617741937,4.71155914,3.551532898,9.6,3872,628
0609-277,Gaultheria shallon,Fruit,1980,7,206,45,47.4226468,-123.8865379,-5.693548387,0.321428571,-2.685483871,2.775,6.591666667,4.7,10.77419355,10.37903226,8.675,6.709677419,-1.25,1.321428571,-1.350230415,2.227060932,8.617741937,4.71155914,3.551532898,9.7,3734,610
0609-280,Gaultheria shallon,Fruit,1980,7,206,50,47.33920424,-123.8691491,-3.75,0.892857143,0.467741935,4.883333333,7.725,6.341666667,12.99193548,11.21774194,10.06666667,7.362903226,0.55,3.392857143,0.178571429,4.358691756,10.18378136,5.993189965,5.178558628,9.4,3498,573
0609-288,Gaultheria shallon,Fruit,1980,7,210,85,47.34952611,-123.8314384,-8.588709677,-3.508928571,-6.588709677,-1.141666667,0.425,-0.041666667,6.427419355,4.5,3.941666667,2.306451613,-6.025,0.607142857,-3.83016513,-2.435125448,3.628584229,0.07437276,-0.640583397,9.5,3473,561
0609-318,Gaultheria shallon,Fruit,1980,7,211,1,47.39831076,-123.7939062,6.451612903,9.116071429,5.661290323,8.15,10.41666667,8.85,12.84677419,10.53225806,11.68333333,10.33870968,7.63125,9.583333333,8.383672555,8.075985664,10.74301075,9.884431003,9.271774993,9.3,3752,590
0609-316,Gaultheria shallon,Fruit,1980,7,211,60,47.40016923,-123.8162784,6.451612903,9.116071429,5.661290323,8.15,10.41666667,8.85,12.84677419,10.53225806,11.68333333,10.33870968,7.63125,9.583333333,8.383672555,8.075985664,10.74301075,9.884431003,9.271774993,9.1,4058,627
0609-338,Gaultheria shallon,Fruit,1980,7,212,2,47.36320011,-123.8730395,-5.693548387,0.321428571,-2.685483871,2.775,6.591666667,4.7,10.77419355,10.37903226,8.675,6.709677419,-1.25,1.321428571,-1.350230415,2.227060932,8.617741937,4.71155914,3.551532898,9.3,3919,624
0609-342,Gaultheria shallon,Fruit,1980,7,212,2,47.35565399,-123.8594879,-5.693548387,0.321428571,-2.685483871,2.775,6.591666667,4.7,10.77419355,10.37903226,8.675,6.709677419,-1.25,1.321428571,-1.350230415,2.227060932,8.617741937,4.71155914,3.551532898,9.4,3718,597
0609-340,Gaultheria shallon,Fruit,1980,7,212,5,47.37099055,-123.8590218,-5.693548387,0.321428571,-2.685483871,2.775,6.591666667,4.7,10.77419355,10.37903226,8.675,6.709677419,-1.25,1.321428571,-1.350230415,2.227060932,8.617741937,4.71155914,3.551532898,9.4,3954,626
0609-345,Gaultheria shallon,Fruit,1980,7,212,10,47.35784489,-123.8504658,-5.693548387,0.321428571,-2.685483871,2.775,6.591666667,4.7,10.77419355,10.37903226,8.675,6.709677419,-1.25,1.321428571,-1.350230415,2.227060932,8.617741937,4.71155914,3.551532898,9.4,3704,593
0609-336,Gaultheria shallon,Fruit,1980,7,212,40,47.36506683,-123.8783944,-5.693548387,0.321428571,-2.685483871,2.775,6.591666667,4.7,10.77419355,10.37903226,8.675,6.709677419,-1.25,1.321428571,-1.350230415,2.227060932,8.617741937,4.71155914,3.551532898,9.4,3898,621
0609-315,Gaultheria shallon,Fruit,1980,7,212,40,47.35367496,-123.8665795,-5.693548387,0.321428571,-2.685483871,2.775,6.591666667,4.7,10.77419355,10.37903226,8.675,6.709677419,-1.25,1.321428571,-1.350230415,2.227060932,8.617741937,4.71155914,3.551532898,9.4,3725,599
0609-347,Gaultheria shallon,Fruit,1980,8,213,2,47.36715267,-123.7843528,6.451612903,9.116071429,5.661290323,8.15,10.41666667,8.85,12.84677419,10.53225806,11.68333333,10.33870968,7.63125,9.583333333,8.383672555,8.075985664,10.74301075,9.884431003,9.271774993,9.4,3622,584
0609-372,Gaultheria shallon,Fruit,1980,8,217,1,47.39580612,-123.7652581,6.451612903,9.116071429,5.661290323,8.15,10.41666667,8.85,12.84677419,10.53225806,11.68333333,10.33870968,7.63125,9.583333333,8.383672555,8.075985664,10.74301075,9.884431003,9.271774993,9.2,4057,634
0609-407,Gaultheria shallon,Fruit,1980,8,219,3,47.31018433,-123.7424955,1.967741935,5.919642857,6.612903226,9.575,12.625,10.79166667,15.7983871,14.75,13.925,11.22580645,6.6375,8.107142857,5.331509216,9.604301075,13.78001792,10.59610215,9.827982591,9.5,3752,600
0609-424,Gaultheria shallon,Fruit,1980,8,220,15,47.39907978,-123.6829011,-1.637096774,3.008928571,3.733870968,8.733333333,12.275,10.25,14.96774194,14.42741935,12.79166667,9.10483871,3.68125,5.083333333,2.15172171,8.247401434,13.21505376,8.52591846,8.035023842,8.9,4530,705
0605-2622,Gaultheria shallon,Fruit,1980,8,226,15,47.44968346,-121.5015912,-3.217741935,1.9375,3.25,8.241666667,11.79166667,10.04166667,15.58870968,14.47580645,12.90833333,9.629032258,2.86875,4.452380952,1.057379672,7.761111112,13.3687276,8.468705196,7.663980895,5.3,3525,759
0605-2627,Gaultheria shallon,Fruit,1980,8,227,7,47.40564458,-121.4946495,-3.217741935,1.9375,3.25,8.241666667,11.79166667,10.04166667,15.58870968,14.47580645,12.90833333,9.629032258,2.86875,4.452380952,1.057379672,7.761111112,13.3687276,8.468705196,7.663980895,5.7,3007,585
0605-2473,Gaultheria shallon,Fruit,1980,8,231,25,47.04510137,-121.7751506,-4.14516129,0.75,0.064516129,5.1,7.6,6.375,12.35483871,10.96774194,9.766666667,7.346774194,0.23125,3.785714286,0.130184332,4.25483871,9.89919355,5.78156362,5.016445053,5.4,2155,477
0605-2475,Gaultheria shallon,Fruit,1980,8,231,65,47.03927291,-121.7804703,-4.14516129,0.75,0.064516129,5.1,7.6,6.375,12.35483871,10.96774194,9.766666667,7.346774194,0.23125,3.785714286,0.130184332,4.25483871,9.89919355,5.78156362,5.016445053,5.3,2161,491
0605-2467,Gaultheria shallon,Flower,1980,8,231,95,47.05633535,-121.7712722,-3.443548387,1.366071429,1.193548387,6.041666667,8.783333333,7.425,13.21774194,11.95967742,10.68333333,8.120967742,1.29375,4.357142857,0.759888633,5.339516129,10.86747312,6.699350357,5.91655706,5.6,2128,459
0605-2442,Gaultheria shallon,Flower,1980,8,234,65,47.06139906,-121.6261279,-3.153225806,2.035714286,3.225806452,8.183333333,11.54166667,9.866666667,15.5483871,14.35483871,12.775,9.685483871,2.80625,4.238095238,1.040194573,7.650268818,13.25663083,8.422244624,7.59233471,6,1453,247
0605-2441,Gaultheria shallon,Fruit,1980,8,234,85,47.07087152,-121.6198652,-3.153225806,2.035714286,3.225806452,8.183333333,11.54166667,9.866666667,15.5483871,14.35483871,12.775,9.685483871,2.80625,4.238095238,1.040194573,7.650268818,13.25663083,8.422244624,7.59233471,6.1,1419,244
0609-425,Gaultheria shallon,Fruit,1980,8,238,20,47.43863238,-123.3587878,-3.540322581,0.473214286,1.185483871,5.133333333,6.8,7.733333333,12.23387097,11.86290323,9.666666667,6.379032258,1.4625,3.357142857,0.096678187,4.372939068,10.61003584,5.836066308,5.228929852,8.6,3012,407
0609-438,Gaultheria shallon,Fruit,1980,8,239,40,47.39602913,-123.3246271,-0.370967742,3.830357143,4.677419355,8.383333333,10.08333333,11.45,15.12096774,14.5483871,12.93333333,9.653225806,4.61875,6.535714286,3.331701229,7.714695339,13.70645161,9.068436379,8.45532114,9.5,2742,366
0609-436,Gaultheria shallon,Fruit,1980,8,239,40,47.43896721,-123.3053157,-0.370967742,3.830357143,4.677419355,8.383333333,10.08333333,11.45,15.12096774,14.5483871,12.93333333,9.653225806,4.61875,6.535714286,3.331701229,7.714695339,13.70645161,9.068436379,8.45532114,8.7,2883,388
0609-431,Gaultheria shallon,Fruit,1980,8,239,75,47.42914388,-123.304344,-0.370967742,3.830357143,4.677419355,8.383333333,10.08333333,11.45,15.12096774,14.5483871,12.93333333,9.653225806,4.61875,6.535714286,3.331701229,7.714695339,13.70645161,9.068436379,8.45532114,9,2821,378
0609-435,Gaultheria shallon,Fruit,1980,8,239,95,47.43875598,-123.3035373,-0.370967742,3.830357143,4.677419355,8.383333333,10.08333333,11.45,15.12096774,14.5483871,12.93333333,9.653225806,4.61875,6.535714286,3.331701229,7.714695339,13.70645161,9.068436379,8.45532114,8.7,2880,388
0609-459,Gaultheria shallon,Fruit,1980,8,241,3,47.49699287,-123.450784,0.314516129,4.169642857,5.887096774,10.125,13.55,11.80833333,18.04032258,16.78225806,15.35,11.89516129,6.275,6.30952381,3.597894265,9.854032258,15.54363799,11.1733871,10.0422379,7.1,3780,538
0609-453,Gaultheria shallon,Fruit,1980,8,241,3,47.46737602,-123.444984,-5.459677419,-1.875,-0.830645161,3.541666667,4.541666667,5.541666667,10.4516129,10.22580645,7.508333333,4.129032258,-0.7875,0.869047619,-2.155209933,2.417562724,8.739695339,3.616621864,3.154667498,7.9,3401,481
0609-454,Gaultheria shallon,Fruit,1980,8,241,5,47.45240868,-123.4196791,-5.459677419,-1.875,-0.830645161,3.541666667,4.541666667,5.541666667,10.4516129,10.22580645,7.508333333,4.129032258,-0.7875,0.869047619,-2.155209933,2.417562724,8.739695339,3.616621864,3.154667498,8.3,3092,421
0609-455,Gaultheria shallon,Fruit,1980,8,241,5,47.47415439,-123.4419225,-5.459677419,-1.875,-0.830645161,3.541666667,4.541666667,5.541666667,10.4516129,10.22580645,7.508333333,4.129032258,-0.7875,0.869047619,-2.155209933,2.417562724,8.739695339,3.616621864,3.154667498,7.7,3453,487
0609-458,Gaultheria shallon,Fruit,1980,8,241,15,47.49382489,-123.4509561,0.314516129,4.169642857,5.887096774,10.125,13.55,11.80833333,18.04032258,16.78225806,15.35,11.89516129,6.275,6.30952381,3.597894265,9.854032258,15.54363799,11.1733871,10.0422379,7.2,3758,534
0609-448,Gaultheria shallon,Fruit,1980,8,241,35,47.45251194,-123.4209667,-5.459677419,-1.875,-0.830645161,3.541666667,4.541666667,5.541666667,10.4516129,10.22580645,7.508333333,4.129032258,-0.7875,0.869047619,-2.155209933,2.417562724,8.739695339,3.616621864,3.154667498,8.3,3098,422
0609-472,Gaultheria shallon,Fruit,1980,9,246,2,47.57257331,-124.0347135,2.137096774,6.696428571,7.661290323,11.55,14.80833333,13.15833333,17.79032258,17.40322581,15.73333333,12.61290323,7.1625,9,5.944508448,11.33987455,16.11729391,11.83624552,11.30948061,9.4,3363,559
0609-473,Gaultheria shallon,Fruit,1980,9,246,20,47.57170404,-124.0192463,2.137096774,6.696428571,7.661290323,11.55,14.80833333,13.15833333,17.79032258,17.40322581,15.73333333,12.61290323,7.1625,9,5.944508448,11.33987455,16.11729391,11.83624552,11.30948061,9.3,3448,581
0609-478,Gaultheria shallon,Fruit,1980,9,246,30,47.56047795,-123.8843942,-4.419354839,-0.660714286,-1.60483871,2.341666667,7.116666667,5.116666667,14.04032258,12.14516129,10.25,6.798387097,0.1375,2.547619048,-0.844150026,2.617831541,10.43405018,5.728629032,4.484090182,8.4,3829,633
0609-479,Gaultheria shallon,Fruit,1980,9,247,30,47.56132764,-123.8931822,-4.419354839,-0.660714286,-1.60483871,2.341666667,7.116666667,5.116666667,14.04032258,12.14516129,10.25,6.798387097,0.1375,2.547619048,-0.844150026,2.617831541,10.43405018,5.728629032,4.484090182,8.5,3832,631
0609-497,Gaultheria shallon,Fruit,1980,9,252,4,47.42225251,-123.4327375,-3.540322581,0.473214286,1.185483871,5.133333333,6.8,7.733333333,12.23387097,11.86290323,9.666666667,6.379032258,1.4625,3.357142857,0.096678187,4.372939068,10.61003584,5.836066308,5.228929852,8.5,3574,515
0609-493,Gaultheria shallon,Fruit,1980,9,252,4,47.44716173,-123.4320795,-3.540322581,0.473214286,1.185483871,5.133333333,6.8,7.733333333,12.23387097,11.86290323,9.666666667,6.379032258,1.4625,3.357142857,0.096678187,4.372939068,10.61003584,5.836066308,5.228929852,8.4,3236,452
0609-491,Gaultheria shallon,Fruit,1980,9,252,7,47.44607908,-123.4280516,-3.540322581,0.473214286,1.185483871,5.133333333,6.8,7.733333333,12.23387097,11.86290323,9.666666667,6.379032258,1.4625,3.357142857,0.096678187,4.372939068,10.61003584,5.836066308,5.228929852,8.4,3222,448
0609-494,Gaultheria shallon,Fruit,1980,9,252,10,47.44618992,-123.4320848,-3.540322581,0.473214286,1.185483871,5.133333333,6.8,7.733333333,12.23387097,11.86290323,9.666666667,6.379032258,1.4625,3.357142857,0.096678187,4.372939068,10.61003584,5.836066308,5.228929852,8.4,3249,455
0609-502,Gaultheria shallon,Fruit,1980,9,252,70,47.42290271,-123.3591052,-3.540322581,0.473214286,1.185483871,5.133333333,6.8,7.733333333,12.23387097,11.86290323,9.666666667,6.379032258,1.4625,3.357142857,0.096678187,4.372939068,10.61003584,5.836066308,5.228929852,8.8,3000,407
0605-2538,Gaultheria shallon,Fruit,1980,9,254,4,47.42161171,-121.5781205,-4.314516129,0.0625,1,5.941666667,9.3,7.75,13.56451613,12.58064516,11.21666667,8.153225806,1.29375,4.154761905,-0.032418075,5.413888889,11.2983871,6.887880825,5.891934684,6.7,2882,570
0605-2536,Gaultheria shallon,Fruit,1980,9,254,60,47.40478308,-121.5563859,-4.314516129,0.0625,1,5.941666667,9.3,7.75,13.56451613,12.58064516,11.21666667,8.153225806,1.29375,4.154761905,-0.032418075,5.413888889,11.2983871,6.887880825,5.891934684,6.4,2833,551
0605-2543,Gaultheria shallon,Fruit,1980,9,255,8,47.40227555,-121.516455,-3.217741935,1.9375,3.25,8.241666667,11.79166667,10.04166667,15.58870968,14.47580645,12.90833333,9.629032258,2.86875,4.452380952,1.057379672,7.761111112,13.3687276,8.468705196,7.663980895,5.8,2984,582
0605-2547,Gaultheria shallon,Fruit,1980,9,259,80,47.51873114,-121.4484467,-6.75,-3.151785714,-2.024193548,3.066666667,6.608333333,4.891666667,11.55645161,10.57258065,9.316666667,6.112903226,-1.4,2.642857143,-2.419642857,2.550268817,9.006899642,4.676523298,3.453512225,6.1,2974,574
0609-516,Gaultheria shallon,Flower,1981,6,161,95,47.79278856,-123.010081,1.741935484,0.553571429,5.120967742,5.466666667,7.766666667,9.283333333,13.75806452,17.95967742,13.24166667,6.60483871,2.74375,-1.178571429,0.372311828,6.118100359,13.66702509,7.530085127,6.921880601,7.1,1778,295
0609-539,Gaultheria shallon,Flower,1981,6,169,99,47.77370474,-122.9348382,4.830645161,4.455357143,7.483870968,8.05,10.7,12.16666667,15.38709677,18.29032258,14.225,8.806451613,5.99375,2.380952381,3.888984895,8.744623656,15.28136201,9.675067204,9.397509441,8.9,1630,271
0609-729,Gaultheria shallon,Flower,1981,7,190,2,48.15293588,-124.2937841,4.967741935,5.214285714,7.177419355,7.725,10.28333333,11.54166667,14.94354839,17.01612903,13.73333333,9.217741935,5.54375,1.321428571,3.834485407,8.395250895,14.50044803,9.498275088,9.057114855,8.4,2863,478
0609-729,Gaultheria shallon,Flower,1981,7,190,2,48.15293588,-124.2937841,4.967741935,5.214285714,7.177419355,7.725,10.28333333,11.54166667,14.94354839,17.01612903,13.73333333,9.217741935,5.54375,1.321428571,3.834485407,8.395250895,14.50044803,9.498275088,9.057114855,8.4,2863,478
0609-729,Gaultheria shallon,Flower,1981,7,190,2,48.15293588,-124.2937841,7.185483871,7.080357143,7.725806452,9.191666667,13.70833333,11.075,15.91129032,17.39516129,15.15,10.91129032,8.05625,5.369047619,6.544962878,10.20860215,14.7938172,11.37251344,10.72997392,8.4,2863,478
0609-741,Gaultheria shallon,Fruit,1981,7,195,60,47.88790718,-124.2794635,4.596774194,5.107142857,7.14516129,7.683333333,10.025,11.3,14.56451613,16.68548387,13.725,9.177419355,5.225,0.714285714,3.472734255,8.284498208,14.18333333,9.375806452,8.829093062,9.5,3086,502
0609-741,Gaultheria shallon,Fruit,1981,7,195,60,47.88790718,-124.2794635,4.596774194,5.107142857,7.14516129,7.683333333,10.025,11.3,14.56451613,16.68548387,13.725,9.177419355,5.225,0.714285714,3.472734255,8.284498208,14.18333333,9.375806452,8.829093062,9.5,3086,502
0609-752,Gaultheria shallon,Flower,1981,7,196,5,47.98823425,-124.1692902,3.661290323,4.4375,6.620967742,7.316666667,9.625,10.84166667,14.39516129,16.5483871,13.325,8.774193548,4.4875,-0.357142857,2.580549155,7.85421147,13.92840502,8.862231183,8.306349207,8.7,2946,468
0609-752,Gaultheria shallon,Flower,1981,7,196,5,47.98823425,-124.1692902,3.661290323,4.4375,6.620967742,7.316666667,9.625,10.84166667,14.39516129,16.5483871,13.325,8.774193548,4.4875,-0.357142857,2.580549155,7.85421147,13.92840502,8.862231183,8.306349207,8.7,2946,468
0609-791,Gaultheria shallon,Fruit,1981,7,202,20,48.01515148,-124.1041235,6.483870968,6.491071429,9.346774194,10.925,16,13.65,18.91935484,21.30645161,17.425,11.48387097,8.9,5.011904762,5.99561572,12.0905914,17.95860215,12.60295699,12.16194156,8.2,2756,442
0609-803,Gaultheria shallon,Fruit,1981,7,203,3,48.1004001,-124.1863251,2.443548387,3.8125,5.967741935,6.833333333,9.191666667,10.275,14.25,16.41935484,12.975,8.370967742,3.44375,-1.976190476,1.426619304,7.330913978,13.64811828,8.263239247,7.667222702,8.7,2519,397
0609-803,Gaultheria shallon,Fruit,1981,7,203,3,48.1004001,-124.1863251,2.443548387,3.8125,5.967741935,6.833333333,9.191666667,10.275,14.25,16.41935484,12.975,8.370967742,3.44375,-1.976190476,1.426619304,7.330913978,13.64811828,8.263239247,7.667222702,8.7,2519,397
0609-803,Gaultheria shallon,Fruit,1981,7,203,3,48.1004001,-124.1863251,2.443548387,3.8125,5.967741935,6.833333333,9.191666667,10.275,14.25,16.41935484,12.975,8.370967742,3.44375,-1.976190476,1.426619304,7.330913978,13.64811828,8.263239247,7.667222702,8.7,2519,397
0609-803,Gaultheria shallon,Fruit,1981,7,203,3,48.1004001,-124.1863251,5.870967742,6.321428571,8.725806452,9.5,14.36666667,12.48333333,17.13709677,19.65322581,15.68333333,9.927419355,7.45625,3.785714286,5.326036866,10.86415771,16.42455197,11.02233423,10.90927019,8.7,2519,397
0609-814,Gaultheria shallon,Flower,1981,7,203,95,48.1157365,-124.0229338,5.782258065,5.125,7.629032258,8.241666667,13.04166667,11.075,16.42741935,19.48387097,14.99166667,9.048387097,6.44375,2.44047619,4.449244752,9.637455198,15.66209677,10.16126792,9.977516161,8.5,2330,334
0609-820,Gaultheria shallon,Flower,1981,7,204,5,48.07761069,-124.1589354,2.443548387,3.8125,5.967741935,6.833333333,9.191666667,10.275,14.25,16.41935484,12.975,8.370967742,3.44375,-1.976190476,1.426619304,7.330913978,13.64811828,8.263239247,7.667222702,8.6,2516,392
0609-820,Gaultheria shallon,Flower,1981,7,204,5,48.07761069,-124.1589354,2.443548387,3.8125,5.967741935,6.833333333,9.191666667,10.275,14.25,16.41935484,12.975,8.370967742,3.44375,-1.976190476,1.426619304,7.330913978,13.64811828,8.263239247,7.667222702,8.6,2516,392
0609-820,Gaultheria shallon,Flower,1981,7,204,5,48.07761069,-124.1589354,2.443548387,3.8125,5.967741935,6.833333333,9.191666667,10.275,14.25,16.41935484,12.975,8.370967742,3.44375,-1.976190476,1.426619304,7.330913978,13.64811828,8.263239247,7.667222702,8.6,2516,392
0609-820,Gaultheria shallon,Flower,1981,7,204,5,48.07761069,-124.1589354,5.870967742,6.321428571,8.725806452,9.5,14.36666667,12.48333333,17.13709677,19.65322581,15.68333333,9.927419355,7.45625,3.785714286,5.326036866,10.86415771,16.42455197,11.02233423,10.90927019,8.6,2516,392
0609-831,Gaultheria shallon,Flower,1981,7,204,90,48.10233915,-123.9764604,5.782258065,5.125,7.629032258,8.241666667,13.04166667,11.075,16.42741935,19.48387097,14.99166667,9.048387097,6.44375,2.44047619,4.449244752,9.637455198,15.66209677,10.16126792,9.977516161,8.2,2339,319
0609-846,Gaultheria shallon,Flower,1981,7,205,25,48.00035812,-124.0584285,6.483870968,6.491071429,9.346774194,10.925,16,13.65,18.91935484,21.30645161,17.425,11.48387097,8.9,5.011904762,5.99561572,12.0905914,17.95860215,12.60295699,12.16194156,7.4,3029,496
0605-2773,Gaultheria shallon,Fruit,1981,8,230,75,47.68196816,-121.2939781,4.451612903,3.035714286,6.911290323,7.7,13.075,11.38333333,16.94354839,19.59677419,14.5,8.008064516,4.65625,-0.333333333,2.384664619,9.228763441,15.97455197,9.054771505,9.160687884,7.2,2419,397
0605-2152,Gaultheria shallon,Fruit,1981,8,237,85,47.1340765,-121.541246,1.806451613,0.473214286,3.338709677,3.875,8.875,7.041666667,13.30645161,17.05645161,11.63333333,5.838709677,2.15625,-2.69047619,-0.136936764,5.362903226,12.46818996,6.542764336,6.05923019,6.1,1766,291
0605-2183,Gaultheria shallon,Flower,1981,8,239,70,47.06196353,-121.9439582,3.459677419,1.803571429,4.169354839,4.4,7.283333333,9.025,12.98387097,16.78225806,11.88333333,6.201612903,3.5125,-1.107142857,1.385368664,5.284229391,12.93037634,7.199148744,6.699780786,7.2,1829,464
0609-881,Gaultheria shallon,Fruit,1981,9,247,90,47.99841291,-123.938571,0.016129032,-0.625,1.024193548,2.175,8.508333333,4.783333333,12.66129032,15.79032258,11.06666667,4.879032258,1.075,-2.880952381,-1.16327445,3.90250896,11.07831541,5.673566309,4.872779058,7.5,2890,366
0605-2856,Gaultheria shallon,Fruit,1981,9,260,5,47.80399111,-121.3007501,3.508064516,2.321428571,6.032258065,6.741666667,12.13333333,10.58333333,16.23387097,19.04032258,13.75,7.435483871,4.00625,-0.833333333,1.665386585,8.302419354,15.28584229,8.397244624,8.412723214,6.5,2653,454
0605-2867,Gaultheria shallon,Fruit,1981,9,261,10,47.86301985,-121.2942753,1.701612903,0.785714286,4.241935484,4.833333333,10.25833333,8.866666667,14.58064516,17.87096774,12.39166667,6.217741935,2.675,-1.952380952,0.178315412,6.444534049,13.77275986,7.094802868,6.872603046,5.4,2676,472
0609-577,Gaultheria shallon,Flower,1982,6,175,10,47.5351839,-123.1930296,0.612903226,2.25,4.080645161,5.725,9.208333333,14.85,14.12903226,15.41935484,13.45,8.758064516,2.7875,1.952380952,1.605094726,6.337992831,14.79946237,8.331854839,7.768601191,7.4,2535,384
0609-574,Gaultheria shallon,Flower,1982,6,175,65,47.50582545,-123.169059,0.612903226,2.25,4.080645161,5.725,9.208333333,14.85,14.12903226,15.41935484,13.45,8.758064516,2.7875,1.952380952,1.605094726,6.337992831,14.79946237,8.331854839,7.768601191,9.3,2401,339
0609-575,Gaultheria shallon,Flower,1982,6,175,75,47.50911381,-123.1782328,0.612903226,2.25,4.080645161,5.725,9.208333333,14.85,14.12903226,15.41935484,13.45,8.758064516,2.7875,1.952380952,1.605094726,6.337992831,14.79946237,8.331854839,7.768601191,9,2430,347
0605-2907,Gaultheria shallon,Flower,1982,7,182,25,47.72710203,-121.2415208,-3.709677419,-3.607142857,-0.709677419,0.766666667,11.48333333,5.566666667,12.7016129,13.57258065,10.49166667,4.516129032,-2.94375,-4.833333333,-4.050051203,3.846774193,10.61362007,4.021348567,3.607922907,5.5,2442,413
0605-2918,Gaultheria shallon,Flower,1982,7,183,10,47.75233935,-121.4471579,-4.274193548,-4.946428571,-2.629032258,-1.441666667,9.175,2.991666667,10.48387097,11.87903226,8.683333333,2.596774194,-4.775,-6.023809524,-5.081477214,1.701433692,8.451523299,2.168369176,1.809962238,7.4,2875,517
0605-2919,Gaultheria shallon,Flower,1982,7,183,20,47.75895867,-121.4489225,-4.274193548,-4.946428571,-2.629032258,-1.441666667,9.175,2.991666667,10.48387097,11.87903226,8.683333333,2.596774194,-4.775,-6.023809524,-5.081477214,1.701433692,8.451523299,2.168369176,1.809962238,7.2,2945,534
0605-2922,Gaultheria shallon,Flower,1982,7,183,40,47.7501739,-121.4334803,-4.274193548,-4.946428571,-2.629032258,-1.441666667,9.175,2.991666667,10.48387097,11.87903226,8.683333333,2.596774194,-4.775,-6.023809524,-5.081477214,1.701433692,8.451523299,2.168369176,1.809962238,7.2,2850,507
0605-2928,Gaultheria shallon,Flower,1982,7,183,50,47.83761706,-121.4927791,0.080645161,1.410714286,3.967741935,5.466666667,15.41666667,10.20833333,15.75,16.38709677,13.79166667,8.838709677,2,0.392857143,0.628072197,8.283691757,14.11514337,8.210125449,7.809258192,7.4,3254,594
0609-1023,Gaultheria shallon,Flower,1982,7,189,60,47.92104563,-123.1990115,-4.758064516,-3.580357143,-0.516129032,2.608333333,8.658333333,14.2,11.11290323,12.78225806,10.41666667,3.040322581,-5.2,-6.214285714,-4.850902458,3.583512545,12.6983871,2.75232975,3.545831734,5.8,1605,265
0609-1040,Gaultheria shallon,Flower,1982,7,190,40,47.97979943,-123.1506608,0.177419355,1.625,3.491935484,5.833333333,10.33333333,14.89166667,13.87903226,14.86290323,12.95833333,7.612903226,0.91875,-0.130952381,0.557155658,6.552867382,14.54453405,7.163328852,7.204471486,8.5,1098,242
0609-1065,Gaultheria shallon,Flower,1982,7,195,5,47.99614587,-123.0806423,0.919354839,2.116071429,4.193548387,6.183333333,10.81666667,14.95,14.10483871,15.18548387,12.89166667,8.112903226,1.8625,0.797619048,1.277681772,7.06451613,14.74677419,7.622356632,7.677832182,8.6,935,215
0609-1058,Gaultheria shallon,Flower,1982,7,195,20,47.97831381,-122.9855414,1.975806452,3.366071429,5.137096774,6.858333333,11.01666667,15.34166667,14.86290323,15.62903226,13.69166667,9.096774194,3.1,2.119047619,2.486975167,7.670698926,15.27786739,8.629480288,8.516255442,8.9,1035,239
0609-1097,Gaultheria shallon,Flower,1982,7,197,45,47.85724522,-122.980789,-0.943548387,-0.026785714,2.862903226,4.55,10.28333333,14.6,12.89516129,14.37096774,12.34166667,6.491935484,-0.35625,-1.416666667,-0.795666923,5.898745519,13.95537634,6.159117385,6.304393081,7.6,1732,278
0609-1121,Gaultheria shallon,Flower,1982,7,201,95,47.7428644,-123.0590272,-5,-3.383928571,-0.209677419,2.116666667,6.991666667,14.33333333,11.2016129,12.94354839,10.21666667,4.39516129,-2.825,-3.964285714,-4.116071428,2.966218638,12.82616487,3.928942653,3.901313684,7.2,1857,313
0609-1122,Gaultheria shallon,Fruit,1982,7,201,95,47.74711287,-123.0558036,-5,-3.383928571,-0.209677419,2.116666667,6.991666667,14.33333333,11.2016129,12.94354839,10.21666667,4.39516129,-2.825,-3.964285714,-4.116071428,2.966218638,12.82616487,3.928942653,3.901313684,7.2,1852,312
0609-1137,Gaultheria shallon,Fruit,1982,7,203,60,47.68531431,-123.041147,-2.314516129,-0.723214286,1.491935484,3.833333333,8.116666667,14.55,12.7016129,14.28225806,12.225,6.298387097,-0.1625,-1.571428571,-1.536386329,4.480645161,13.84462365,6.120295699,5.727294546,7.4,1862,310
0609-1144,Gaultheria shallon,Flower,1982,7,204,35,47.73307514,-123.0372635,-2.314516129,-0.723214286,1.491935484,3.833333333,8.116666667,14.55,12.7016129,14.28225806,12.225,6.298387097,-0.1625,-1.571428571,-1.536386329,4.480645161,13.84462365,6.120295699,5.727294546,7.5,1801,303
0605-2934,Gaultheria shallon,Flower,1982,7,208,70,47.89724812,-121.4484484,-0.701612903,0.428571429,3.25,4.758333333,15.19166667,9.641666667,15.60483871,16.20967742,13.44166667,8.137096774,1,-0.630952381,-0.301331285,7.733333334,13.8187276,7.526254481,7.194246032,6.8,3297,630
0609-1166,Gaultheria shallon,Flower,1982,8,216,50,47.6271096,-123.1079308,-1.25,0.160714286,2.387096774,4.1,7.55,14.44166667,12.62096774,14.46774194,12.06666667,7.338709677,1.05625,0.19047619,-0.299603175,4.679032258,13.84345878,6.820542116,6.260857496,6.8,2458,371
0609-1187,Gaultheria shallon,Fruit,1982,8,218,35,47.61625854,-123.1168377,-1.25,0.160714286,2.387096774,4.1,7.55,14.44166667,12.62096774,14.46774194,12.06666667,7.338709677,1.05625,0.19047619,-0.299603175,4.679032258,13.84345878,6.820542116,6.260857496,7.4,2439,366
0609-1190,Gaultheria shallon,Fruit,1982,8,218,50,47.5966841,-123.1764415,-2.39516129,-1.223214286,1.39516129,3.35,6.408333333,14.10833333,11.71774194,13.70967742,11.23333333,6.217741935,0.0625,-0.869047619,-1.495807732,3.717831541,13.17858423,5.837858422,5.309616615,7.3,2497,378
0609-1189,Gaultheria shallon,Fruit,1982,8,218,70,47.59735322,-123.11774,-1.25,0.160714286,2.387096774,4.1,7.55,14.44166667,12.62096774,14.46774194,12.06666667,7.338709677,1.05625,0.19047619,-0.299603175,4.679032258,13.84345878,6.820542116,6.260857496,8.3,2342,347
0609-1184,Gaultheria shallon,Flower,1982,8,218,95,47.60399213,-123.156603,-2.39516129,-1.223214286,1.39516129,3.35,6.408333333,14.10833333,11.71774194,13.70967742,11.23333333,6.217741935,0.0625,-0.869047619,-1.495807732,3.717831541,13.17858423,5.837858422,5.309616615,7.6,2462,370
0605-2986,Gaultheria shallon,Flower,1982,8,222,70,47.87051052,-121.3103977,-1.927419355,-1.160714286,1.717741935,3.275,13.83333333,8.15,14.55645161,15.2983871,12.31666667,6.741935484,-0.65625,-2.25,-1.77937788,6.275358422,12.66827957,6.134117385,5.824594374,5.6,2709,481
0605-3007,Gaultheria shallon,Flower,1982,8,224,10,47.78813446,-121.2485282,-5.088709677,-5.767857143,-3.096774194,-1.833333333,8.991666667,2.841666667,10.53225806,11.71774194,8.508333333,2.362903226,-5.3125,-6.845238095,-5.900601638,1.353853047,8.363888889,1.852912186,1.417513121,5.5,2513,426
0609-1217,Gaultheria shallon,Fruit,1982,8,229,20,47.8791466,-123.1436547,-1.241935484,0.285714286,2.862903226,4.825,10.45833333,14.88333333,13.12096774,14.48387097,12.475,6.653225806,-0.09375,-1.083333333,-0.67985151,6.048745519,14.16272401,6.344825269,6.469110823,5.3,1493,233
0609-1282,Gaultheria shallon,Flower,1982,8,232,1,47.92049866,-123.090443,-1.241935484,0.285714286,2.862903226,4.825,10.45833333,14.88333333,13.12096774,14.48387097,12.475,6.653225806,-0.09375,-1.083333333,-0.67985151,6.048745519,14.16272401,6.344825269,6.469110823,7.4,1345,257
0609-1281,Gaultheria shallon,Flower,1982,8,232,45,47.91443307,-123.0921991,-1.241935484,0.285714286,2.862903226,4.825,10.45833333,14.88333333,13.12096774,14.48387097,12.475,6.653225806,-0.09375,-1.083333333,-0.67985151,6.048745519,14.16272401,6.344825269,6.469110823,7.2,1356,252
0609-1248,Gaultheria shallon,Fruit,1982,8,232,90,47.88835864,-123.0923534,-1.241935484,0.285714286,2.862903226,4.825,10.45833333,14.88333333,13.12096774,14.48387097,12.475,6.653225806,-0.09375,-1.083333333,-0.67985151,6.048745519,14.16272401,6.344825269,6.469110823,5.9,1468,244
0609-1305,Gaultheria shallon,Fruit,1982,8,243,10,47.57900919,-123.2547196,-7.443548387,-7,-3.177419355,-0.683333333,1.65,12.09166667,7.580645161,10.48387097,7.2,1.991935484,-4.325,-5.619047619,-6.687532002,-0.736917563,10.05206093,1.622311828,1.062480799,6,2654,414
0609-1286,Gaultheria shallon,Fruit,1982,8,243,35,47.56429009,-123.1775691,-2.39516129,-1.223214286,1.39516129,3.35,6.408333333,14.10833333,11.71774194,13.70967742,11.23333333,6.217741935,0.0625,-0.869047619,-1.495807732,3.717831541,13.17858423,5.837858422,5.309616615,7.9,2466,369
0605-4064,Gaultheria shallon,Fruit,1982,9,257,98,48.25780341,-121.3070357,-2.274193548,-1.455357143,1.774193548,3.566666667,14.03333333,8.216666667,14.53225806,15.25806452,12.56666667,6.782258065,-0.9625,-2.214285714,-1.981278802,6.458064515,12.66899642,6.128808245,5.818647594,6.7,2603,464
0605-4068,Gaultheria shallon,Fruit,1982,9,258,4,48.26048684,-121.2578063,-2.274193548,-1.455357143,1.774193548,3.566666667,14.03333333,8.216666667,14.53225806,15.25806452,12.56666667,6.782258065,-0.9625,-2.214285714,-1.981278802,6.458064515,12.66899642,6.128808245,5.818647594,5.6,2691,489
0609-1320,Gaultheria shallon,Flower,1983,6,152,35,47.37679272,-123.2683157,3.919354839,5.160714286,6.556451613,7.758333333,12.13333333,12.59166667,14.58870968,15.89516129,11.66666667,7.879032258,4.89375,-1.30952381,2.590181772,8.816039425,14.35851255,8.146482976,8.47780418,10,2425,321
0609-1322,Gaultheria shallon,Flower,1983,6,153,90,47.35105317,-123.2703169,3.919354839,5.160714286,6.556451613,7.758333333,12.13333333,12.59166667,14.58870968,15.89516129,11.66666667,7.879032258,4.89375,-1.30952381,2.590181772,8.816039425,14.35851255,8.146482976,8.47780418,10.2,2271,306
0609-1328,Gaultheria shallon,Flower,1983,6,159,85,47.4385382,-123.3484823,3.919354839,5.160714286,6.556451613,7.758333333,12.13333333,12.59166667,14.58870968,15.89516129,11.66666667,7.879032258,4.89375,-1.30952381,2.590181772,8.816039425,14.35851255,8.146482976,8.47780418,8.7,2966,400
0609-1329,Gaultheria shallon,Flower,1983,6,160,10,47.41219991,-123.4307993,0.209677419,1.669642857,3.153225806,4.4,9.625,9.441666667,11.33870968,13.60483871,8.341666667,4.435483871,2.2,-4.738095238,-0.952924987,5.726075269,11.46173835,4.992383513,5.306818037,8.5,3683,535
0609-1330,Gaultheria shallon,Flower,1983,6,160,50,47.37756639,-123.4135873,0.209677419,1.669642857,3.153225806,4.4,9.625,9.441666667,11.33870968,13.60483871,8.341666667,4.435483871,2.2,-4.738095238,-0.952924987,5.726075269,11.46173835,4.992383513,5.306818037,8.7,4028,579
0609-1331,Gaultheria shallon,Flower,1983,6,161,85,47.36443067,-123.3235194,3.919354839,5.160714286,6.556451613,7.758333333,12.13333333,12.59166667,14.58870968,15.89516129,11.66666667,7.879032258,4.89375,-1.30952381,2.590181772,8.816039425,14.35851255,8.146482976,8.47780418,9.5,2767,372
0609-1333,Gaultheria shallon,Flower,1983,6,165,70,47.42541973,-123.3236675,3.919354839,5.160714286,6.556451613,7.758333333,12.13333333,12.59166667,14.58870968,15.89516129,11.66666667,7.879032258,4.89375,-1.30952381,2.590181772,8.816039425,14.35851255,8.146482976,8.47780418,9.1,2814,376
0609-1339,Gaultheria shallon,Flower,1983,6,174,3,47.48509879,-123.5225617,5.362903226,6.5,8.532258065,9.525,14.44166667,13.84166667,16.71774194,18.14516129,14.16666667,10.58870968,6.50625,-1.333333333,3.509856631,10.83297491,16.23485663,10.42054212,10.24955757,7.3,5861,858
0609-1346,Gaultheria shallon,Flower,1983,6,180,3,47.55708295,-123.8256246,1.459677419,1.732142857,3.193548387,4.266666667,9.891666667,9.391666667,12.61290323,14.49193548,9.358333333,7.209677419,1.1125,-6.523809524,-1.110663083,5.783960574,12.16550179,5.893503584,5.683075717,8.4,3719,600
0609-1365,Gaultheria shallon,Fruit,1983,7,188,10,47.5302641,-124.0815766,7.959677419,9,9.153225806,9.441666667,15.225,12.575,16.60483871,17.75806452,17.53333333,14.44354839,9.95625,8.416666667,8.458781362,11.27329749,15.64596774,13.97771057,12.33893929,9.4,3322,540
0609-1366,Gaultheria shallon,Fruit,1983,7,189,75,47.40865166,-123.9177837,-0.919354839,-1.276785714,0.008064516,2.083333333,6.4,6.05,9.129032258,11.94354839,6.616666667,3.024193548,-2.6375,-8.261904762,-3.486015105,2.83046595,9.040860216,2.334453405,2.679941116,9.9,3309,555
0605-4123,Gaultheria shallon,Flower,1983,7,194,95,48.21353154,-121.5093468,1.14516129,1.508928571,4.225806452,5.583333333,11.28333333,9.933333333,12.87096774,15.19354839,10.08333333,6.725806452,0.99375,-6.380952381,-1.242287507,7.030824372,12.66594982,5.934296594,6.09719582,7.8,2774,469
0605-4179,Gaultheria shallon,Flower,1983,7,196,5,48.05062163,-121.4019239,2.89516129,3.821428571,6.225806452,8.15,13.68333333,12.61666667,15.08870968,17.22580645,12.025,8.322580645,3.10625,-4.178571429,0.846006144,9.353046594,14.97706093,7.817943548,8.248514305,5.8,3430,616
0605-4180,Gaultheria shallon,Flower,1983,7,196,65,48.0523466,-121.4036822,2.89516129,3.821428571,6.225806452,8.15,13.68333333,12.61666667,15.08870968,17.22580645,12.025,8.322580645,3.10625,-4.178571429,0.846006144,9.353046594,14.97706093,7.817943548,8.248514305,5.9,3423,615
0605-4339,Gaultheria shallon,Flower,1983,7,211,2,48.09989317,-121.3299185,-1.330645161,-1.642857143,1.14516129,2.45,8.15,6.766666667,9.774193548,12.52419355,7.233333333,4.282258065,-2.11875,-9.869047619,-4.280849974,3.915053763,9.688351255,3.132280466,3.113708878,5.2,2909,535
0605-4492,Gaultheria shallon,Fruit,1983,8,228,8,48.24671564,-121.2586379,-2.072580645,-2.517857143,0.443548387,1.483333333,7.158333333,5.75,8.790322581,11.64516129,6.558333333,3.60483871,-3.0875,-11.03571429,-5.208717359,3.028405018,8.728494624,2.358557348,2.226684907,6.4,2628,481
0605-4513,Gaultheria shallon,Fruit,1983,8,231,5,48.24522228,-121.1899227,-4,-5.196428571,-2.217741935,-1.408333333,4.308333333,2.983333333,5.935483871,9.112903226,4.133333333,1.5,-5.81875,-13.89285714,-7.69642857,0.227419355,6.010573477,-0.061805556,-0.380060324,6.2,2517,463
0605-4581,Gaultheria shallon,Flower,1983,8,238,10,48.15037698,-121.2341897,-4,-5.196428571,-2.217741935,-1.408333333,4.308333333,2.983333333,5.935483871,9.112903226,4.133333333,1.5,-5.81875,-13.89285714,-7.69642857,0.227419355,6.010573477,-0.061805556,-0.380060324,4.4,2755,499
0605-4639,Gaultheria shallon,Fruit,1983,8,238,40,48.29208712,-121.4396221,2.491935484,3.303571429,5.935483871,7.75,13.3,12.24166667,14.63709677,16.89516129,11.78333333,8.048387097,2.6875,-4.619047619,0.392153098,8.99516129,14.59130824,7.506406809,7.87125736,7.4,2664,455
0605-4636,Gaultheria shallon,Fruit,1983,8,238,45,48.26381434,-121.3706013,2.491935484,3.303571429,5.935483871,7.75,13.3,12.24166667,14.63709677,16.89516129,11.78333333,8.048387097,2.6875,-4.619047619,0.392153098,8.99516129,14.59130824,7.506406809,7.87125736,6.6,2631,455
0605-4634,Gaultheria shallon,Fruit,1983,8,238,90,48.2630633,-121.3545092,2.491935484,3.303571429,5.935483871,7.75,13.3,12.24166667,14.63709677,16.89516129,11.78333333,8.048387097,2.6875,-4.619047619,0.392153098,8.99516129,14.59130824,7.506406809,7.87125736,6.5,2644,461
0609-1382,Gaultheria shallon,Fruit,1983,9,244,70,47.44082394,-123.3542801,0.209677419,1.669642857,3.153225806,4.4,9.625,9.441666667,11.33870968,13.60483871,8.341666667,4.435483871,2.2,-4.738095238,-0.952924987,5.726075269,11.46173835,4.992383513,5.306818037,8.6,2996,404
0609-1381,Gaultheria shallon,Fruit,1983,9,244,95,47.43405752,-123.3301124,3.919354839,5.160714286,6.556451613,7.758333333,12.13333333,12.59166667,14.58870968,15.89516129,11.66666667,7.879032258,4.89375,-1.30952381,2.590181772,8.816039425,14.35851255,8.146482976,8.47780418,8.9,2870,385
0609-1369,Gaultheria shallon,Fruit,1983,9,245,15,47.79344389,-122.9789566,0.14516129,0.589285714,3.048387097,6.266666667,10.34166667,9.708333333,11.81451613,15.79032258,10.425,7.193548387,1.675,-5.55952381,-1.608358935,6.552240145,12.43772401,6.431182796,5.953197005,7.8,1719,285
0609-1370,Gaultheria shallon,Fruit,1983,9,245,75,47.7926881,-122.9789569,0.14516129,0.589285714,3.048387097,6.266666667,10.34166667,9.708333333,11.81451613,15.79032258,10.425,7.193548387,1.675,-5.55952381,-1.608358935,6.552240145,12.43772401,6.431182796,5.953197005,7.9,1718,285
0609-1385,Gaultheria shallon,Fruit,1983,9,250,15,47.45677716,-123.3956608,-2.314516129,-0.526785714,1.185483871,2.933333333,8.266666667,7.525,9.451612903,12.33870968,6.383333333,2.5,0.33125,-7.083333333,-3.308211725,4.128494624,9.771774194,3.071527778,3.415896218,8.2,3075,415
0605-4589,Gaultheria shallon,Fruit,1983,9,256,30,48.32229241,-121.6556394,2.056451613,2.633928571,5.241935484,6.433333333,12.39166667,11.06666667,13.7016129,15.77419355,10.98333333,7.451612903,2.05,-5.30952381,-0.206381209,8.022311829,13.51415771,6.828315411,7.039600935,7.8,3177,547
0605-4593,Gaultheria shallon,Fruit,1983,9,257,45,48.14586906,-121.4149806,2.89516129,3.821428571,6.225806452,8.15,13.68333333,12.61666667,15.08870968,17.22580645,12.025,8.322580645,3.10625,-4.178571429,0.846006144,9.353046594,14.97706093,7.817943548,8.248514305,7.2,2882,489
0605-4892,Gaultheria shallon,Flower,1984,7,192,75,48.50851281,-121.4973962,3.419354839,4.741071429,7.701612903,8.616666667,14.825,10.25833333,17.99193548,18.66935484,14.08333333,9.314516129,3.69375,-0.44047619,2.573316693,10.38109319,15.63987455,9.030533153,9.406204396,8.6,2252,402
0605-4910,Gaultheria shallon,Flower,1984,7,194,70,48.54551938,-121.4534702,3.419354839,4.741071429,7.701612903,8.616666667,14.825,10.25833333,17.99193548,18.66935484,14.08333333,9.314516129,3.69375,-0.44047619,2.573316693,10.38109319,15.63987455,9.030533153,9.406204396,8.6,2291,404
0605-4968,Gaultheria shallon,Flower,1984,7,202,2,48.64788742,-121.6667868,2.024193548,3.491071429,6.233870968,6.925,13.25833333,8.775,16.20967742,17.03225806,12.59166667,7.862903226,2.49375,-1.428571429,1.362231183,8.805734766,14.00564516,7.649439965,7.955762769,8,2827,483
0605-4959,Gaultheria shallon,Flower,1984,7,202,15,48.49084079,-121.2360668,-5.967741935,-4.544642857,-1.991935484,-2.441666667,3.15,0.066666667,7.225806452,8.60483871,3.508333333,-1.080645161,-9.11875,-12.91666667,-7.809683821,-0.427867384,5.299103943,-2.230353943,-1.292200301,6.3,2336,398
0605-4958,Gaultheria shallon,Flower,1984,7,202,30,48.52206121,-121.2550273,-1.685483871,-0.107142857,2.846774194,3.408333333,9.625,5.583333333,13.25,14.18548387,9.083333333,4.177419355,-2.89375,-6.988095238,-2.926907322,5.293369176,11.0062724,3.455667563,4.207100454,6.9,2236,382
0605-5248,Gaultheria shallon,Flower,1984,8,214,20,48.20286646,-121.0642661,-3.475806452,-3.196428571,-1.346774194,-0.933333333,5.1,0.875,10.36290323,11.10483871,5.333333333,1.032258065,-6.70625,-8.452380952,-5.041538658,0.939964158,7.447580647,-0.113552867,0.80811332,4.7,2247,413
0605-5216,Gaultheria shallon,Flower,1984,8,214,55,48.19869719,-121.0475736,-4.532258065,-4.3125,-2.459677419,-2.058333333,4.116666667,-0.108333333,9.516129032,10.31451613,4.283333333,-0.088709677,-8.375,-9.785714286,-6.21015745,-0.133781362,6.574103943,-1.393458781,-0.290823413,4.4,2150,395
0605-5250,Gaultheria shallon,Flower,1984,8,214,65,48.19867187,-121.0513832,-3.475806452,-3.196428571,-1.346774194,-0.933333333,5.1,0.875,10.36290323,11.10483871,5.333333333,1.032258065,-6.70625,-8.452380952,-5.041538658,0.939964158,7.447580647,-0.113552867,0.80811332,4.5,2169,398
0605-5215,Gaultheria shallon,Flower,1984,8,214,80,48.21224992,-121.0873224,-3.475806452,-3.196428571,-1.346774194,-0.933333333,5.1,0.875,10.36290323,11.10483871,5.333333333,1.032258065,-6.70625,-8.452380952,-5.041538658,0.939964158,7.447580647,-0.113552867,0.80811332,4.5,2334,429
0605-5246,Gaultheria shallon,Fruit,1984,8,214,90,48.20901941,-121.0781278,-3.475806452,-3.196428571,-1.346774194,-0.933333333,5.1,0.875,10.36290323,11.10483871,5.333333333,1.032258065,-6.70625,-8.452380952,-5.041538658,0.939964158,7.447580647,-0.113552867,0.80811332,4.7,2308,424
0605-5247,Gaultheria shallon,Flower,1984,8,214,95,48.20481577,-121.0694285,-3.475806452,-3.196428571,-1.346774194,-0.933333333,5.1,0.875,10.36290323,11.10483871,5.333333333,1.032258065,-6.70625,-8.452380952,-5.041538658,0.939964158,7.447580647,-0.113552867,0.80811332,4.7,2271,417
0605-5151,Gaultheria shallon,Fruit,1984,8,217,70,48.30100693,-121.4064337,1.459677419,2.875,5.709677419,6.616666667,12.875,8.591666667,16.38709677,17.03225806,12.19166667,7.314516129,1.21875,-2.69047619,0.548067076,8.400448029,14.00367383,6.908310933,7.465124968,7.8,2476,428
0605-5153,Gaultheria shallon,Fruit,1984,8,217,95,48.29078724,-121.3961548,1.459677419,2.875,5.709677419,6.616666667,12.875,8.591666667,16.38709677,17.03225806,12.19166667,7.314516129,1.21875,-2.69047619,0.548067076,8.400448029,14.00367383,6.908310933,7.465124968,7.5,2495,432
0605-5152,Gaultheria shallon,Fruit,1984,8,217,99,48.3011153,-121.4038682,1.459677419,2.875,5.709677419,6.616666667,12.875,8.591666667,16.38709677,17.03225806,12.19166667,7.314516129,1.21875,-2.69047619,0.548067076,8.400448029,14.00367383,6.908310933,7.465124968,7.7,2489,430
0605-5305,Gaultheria shallon,Fruit,1984,8,218,4,48.24855367,-121.416861,-1.419354839,-0.508928571,1.725806452,2.158333333,8.325,4.008333333,12.77419355,13.30645161,8.216666667,3.887096774,-2.89375,-5.976190476,-2.634824629,4.069713262,10.0296595,3.07000448,3.633638153,6.6,2867,475
0605-5159,Gaultheria shallon,Flower,1984,8,218,25,48.24641449,-121.1742816,-3.935483871,-3.848214286,-2.330645161,-2.308333333,3.6,-0.6,8.951612903,9.717741935,4.175,0.201612903,-7.3,-8.964285714,-5.58266129,-0.346326165,6.023118279,-0.974462366,-0.220082885,6,2467,456
0605-5158,Gaultheria shallon,Flower,1984,8,218,35,48.24598094,-121.1792811,-3.935483871,-3.848214286,-2.330645161,-2.308333333,3.6,-0.6,8.951612903,9.717741935,4.175,0.201612903,-7.3,-8.964285714,-5.58266129,-0.346326165,6.023118279,-0.974462366,-0.220082885,6.1,2482,458
0605-5049,Gaultheria shallon,Fruit,1984,8,219,50,48.26446383,-121.392451,1.459677419,2.875,5.709677419,6.616666667,12.875,8.591666667,16.38709677,17.03225806,12.19166667,7.314516129,1.21875,-2.69047619,0.548067076,8.400448029,14.00367383,6.908310933,7.465124968,7,2640,452
0605-4832,Gaultheria shallon,Fruit,1984,8,219,85,48.27241664,-121.3442221,0.169354839,1.508928571,4.258064516,5.033333333,11.3,6.983333333,15.20967742,15.90322581,10.825,6.032258065,-0.59375,-4.238095238,-0.853270609,6.863799283,12.69874552,5.421169355,6.032610887,6.3,2665,464
0605-5302,Gaultheria shallon,Fruit,1984,8,220,65,48.25082571,-121.1926617,-1.620967742,-0.651785714,1.822580645,2.316666667,8.483333333,4.25,12.85483871,13.65322581,8.283333333,3.717741935,-3.4375,-6.416666667,-2.896473374,4.207526882,10.25268817,2.854525089,3.604566693,6,2527,463
0605-5368,Gaultheria shallon,Fruit,1984,8,229,8,48.89714877,-121.8588988,2.306451613,3.723214286,5.693548387,6.358333333,8.05,12.175,15.52419355,16.04032258,11.88333333,7.540322581,2.23125,-1.916666667,1.370999744,6.70062724,14.57983871,7.21830197,7.467441916,5.9,2072,428
0605-5359,Gaultheria shallon,Fruit,1984,8,229,20,48.89746149,-121.9251483,2.306451613,3.723214286,5.693548387,6.358333333,8.05,12.175,15.52419355,16.04032258,11.88333333,7.540322581,2.23125,-1.916666667,1.370999744,6.70062724,14.57983871,7.21830197,7.467441916,7.3,1947,390
0605-5605,Gaultheria shallon,Fruit,1984,9,248,70,48.36012901,-121.4354386,-3.290322581,-1.794642857,0.60483871,0.983333333,7.016666667,3.175,10.99193548,11.9516129,7.025,2.443548387,-5,-8.416666667,-4.500544035,2.86827957,8.706182793,1.489516129,2.140858614,6.9,2704,458
0609-1442,Gaultheria shallon,Flower,1985,6,162,45,47.68476935,-123.0282616,-2.169354839,0.169642857,1.733870968,5.383333333,8.525,11.35833333,17.80645161,14.81451613,10.90833333,5.701612903,-2.3,2.404761905,0.135016641,5.2140681,14.65976702,4.769982078,6.194708461,8,1806,299
0609-1443,Gaultheria shallon,Flower,1985,6,162,80,47.68466054,-123.0314861,-2.169354839,0.169642857,1.733870968,5.383333333,8.525,11.35833333,17.80645161,14.81451613,10.90833333,5.701612903,-2.3,2.404761905,0.135016641,5.2140681,14.65976702,4.769982078,6.194708461,7.8,1820,302
0609-1460,Gaultheria shallon,Flower,1985,6,172,85,47.36705835,-123.5757899,3.443548387,4.276785714,5.862903226,8.475,13.8,11.375,16.91129032,15.90322581,13.05,10.05645161,1.9875,3.178571429,3.63296851,9.379301075,14.72983871,8.364650537,9.026689708,8.9,4481,693
0609-1462,Gaultheria shallon,Flower,1985,6,176,2,47.39469367,-123.5006505,-0.064516129,1.410714286,3.169354839,7.025,13.20833333,10.025,17.2016129,15.2016129,11.49166667,8.120967742,-1.25,-0.130952381,0.405081925,7.800896056,14.14274193,6.120878137,7.117399513,8.3,5057,754
0609-1502,Gaultheria shallon,Flower,1985,7,190,8,47.50132856,-124.0020953,-1.129032258,-0.142857143,0.040322581,7.65,15.975,9.383333333,18.36290323,16.46774194,10.525,7.75,0.34375,0.797619048,-0.158090118,7.88844086,14.73799283,6.20625,7.168648394,9.3,3538,568
0609-1509,Gaultheria shallon,Flower,1985,7,192,2,47.51518299,-123.9095722,-2.080645161,-2.910714286,-1.556451613,3.716666667,11.59166667,5.541666667,16.98387097,13.09677419,7.966666667,4.846774194,-3.63125,-0.595238095,-1.862199181,4.583960575,11.87410394,3.060730287,4.414148906,9,3704,606
0609-1520,Gaultheria shallon,Flower,1985,7,198,40,47.87687773,-123.13755,-1.693548387,0.401785714,2,5.416666667,8.416666667,11.23333333,17.33870968,14.50806452,10.84166667,5.782258065,-2.25625,2.416666667,0.374967998,5.277777778,14.36003584,4.789224912,6.200501633,5.3,1482,230
0609-1518,Gaultheria shallon,Flower,1985,7,198,45,47.94345167,-123.1974103,-5.790322581,-2.767857143,-1.564516129,2.175,5.241666667,8.25,16.32258065,12.51612903,8.616666667,1.862903226,-6.01875,2.595238095,-1.98764721,1.950716846,12.36290323,1.486939964,3.453228207,6.9,1553,283
0609-1526,Gaultheria shallon,Flower,1985,7,200,10,47.99775989,-123.1345197,0.137096774,1.785714286,3.459677419,6.575,9.541666667,12.15833333,17.17741935,14.97580645,11.55,7.25,-0.75,2.464285714,1.462365591,6.525448029,14.77051971,6.016666667,7.193749999,8.8,895,204
0609-1532,Gaultheria shallon,Fruit,1985,7,204,30,47.31938207,-123.7310723,3.120967742,3.633928571,5.322580645,8.958333333,13.78333333,11.225,17.20967742,15.83064516,13.04166667,9.612903226,2.4375,2.297619048,3.01750512,9.354749103,14.75510753,8.364023299,8.872846262,9.4,3825,610
0609-1535,Gaultheria shallon,Fruit,1985,7,205,5,47.408048,-123.7937344,6.60483871,6.169642857,5.443548387,9.658333333,13.725,10.39166667,15.82258065,14.71774194,12.31666667,10.91129032,5.825,7.583333333,6.7859383,9.608960573,13.64399642,9.684318997,9.930803573,9.3,3831,597
0609-1533,Gaultheria shallon,Fruit,1985,7,205,15,47.31873238,-123.7228459,3.120967742,3.633928571,5.322580645,8.958333333,13.78333333,11.225,17.20967742,15.83064516,13.04166667,9.612903226,2.4375,2.297619048,3.01750512,9.354749103,14.75510753,8.364023299,8.872846262,9.5,3849,614
0609-1529,Gaultheria shallon,Fruit,1985,7,205,25,47.32279316,-123.7123807,3.120967742,3.633928571,5.322580645,8.958333333,13.78333333,11.225,17.20967742,15.83064516,13.04166667,9.612903226,2.4375,2.297619048,3.01750512,9.354749103,14.75510753,8.364023299,8.872846262,9.5,3893,621
0609-1542,Gaultheria shallon,Fruit,1985,7,206,30,47.35575002,-123.8586817,0.008064516,-4.821428571,-2.572580645,0.633333333,6.758333333,4.325,14.89516129,10.94354839,6.916666667,1.096774194,-6.5,0.107142857,-1.568740399,1.606362007,10.05456989,0.504480287,2.649167947,9.4,3715,596
0609-1554,Gaultheria shallon,Fruit,1985,8,218,1,48.038286,-123.9585332,2.564516129,4,6.217741935,10.1,16.025,13.05833333,20.30645161,18.28225806,14.275,10.80645161,2.41875,1.44047619,2.668330773,10.78091398,17.215681,9.16673387,9.957914905,8,2552,329
0609-1555,Gaultheria shallon,Fruit,1985,8,219,60,48.00792482,-123.9525671,2.564516129,4,6.217741935,10.1,16.025,13.05833333,20.30645161,18.28225806,14.275,10.80645161,2.41875,1.44047619,2.668330773,10.78091398,17.215681,9.16673387,9.957914905,7.5,2870,369
0609-1579,Gaultheria shallon,Flower,1985,8,221,10,47.89235243,-124.3018343,2.008064516,2.616071429,3.758064516,7.583333333,10.6,13.06666667,17.25806452,15.79032258,12.64166667,8.088709677,0.35625,1.952380952,2.192172299,7.313799283,15.37168459,7.028875449,7.976632905,9.5,3078,499
0609-1579,Gaultheria shallon,Flower,1985,8,221,10,47.89235243,-124.3018343,2.008064516,2.616071429,3.758064516,7.583333333,10.6,13.06666667,17.25806452,15.79032258,12.64166667,8.088709677,0.35625,1.952380952,2.192172299,7.313799283,15.37168459,7.028875449,7.976632905,9.5,3078,499
0609-1596,Gaultheria shallon,Flower,1985,8,228,85,47.57595341,-123.2611671,-5.25,-2.294642857,-1.048387097,2.808333333,5.883333333,8.791666667,16.50806452,12.90322581,9.025,2.524193548,-5.00625,2.30952381,-1.745039682,2.547759856,12.734319,2.180981183,3.929505089,5.8,2679,417
0609-1617,Gaultheria shallon,Fruit,1985,8,234,20,47.52937288,-124.1089396,7.540322581,8.214285714,7.419354839,11.5,17.1,12.4,18.35483871,16.98387097,15.11666667,12.65322581,8.0625,7.928571429,7.894393241,12.00645161,15.91290323,11.94413083,11.93946973,9.5,3182,528
0609-1626,Gaultheria shallon,Fruit,1985,8,241,45,48.12513697,-124.1038047,6.685483871,10.58035714,9.911290323,14.90833333,19.35833333,14.6,20.05645161,18.40322581,17.025,15.4516129,9.475,5.547619048,7.604486686,14.72598566,17.68655914,13.98387097,13.50022561,8.6,2381,366
0609-1485,Gaultheria shallon,Fruit,1985,9,253,45,47.41879061,-123.5878611,3.443548387,4.276785714,5.862903226,8.475,13.8,11.375,16.91129032,15.90322581,13.05,10.05645161,1.9875,3.178571429,3.63296851,9.379301075,14.72983871,8.364650537,9.026689708,8.9,4252,652
0609-1645,Gaultheria shallon,Fruit,1985,9,256,2,47.60027762,-123.134043,-0.85483871,1.071428571,2.838709677,6.4,9.55,12.31666667,18.12096774,15.48387097,11.69166667,6.911290323,-1.09375,2.214285714,0.810291858,6.262903226,15.30716846,5.836402331,7.054191469,8,2394,356
0609-1644,Gaultheria shallon,Fruit,1985,9,256,70,47.60194359,-123.1248545,-0.85483871,1.071428571,2.838709677,6.4,9.55,12.31666667,18.12096774,15.48387097,11.69166667,6.911290323,-1.09375,2.214285714,0.810291858,6.262903226,15.30716846,5.836402331,7.054191469,8.1,2379,353
0609-1677,Gaultheria shallon,Flower,1986,6,161,95,47.42298523,-123.2990051,5.032258065,3.401785714,8.016129032,6.991666667,10.85833333,15.35,14.58870968,18.77419355,13.26666667,11.35483871,5.03125,5.011904762,4.481982847,8.62204301,16.23763441,9.884251793,9.806478015,9.2,2779,371
0609-1678,Gaultheria shallon,Flower,1986,6,161,95,47.42361743,-123.2981071,5.032258065,3.401785714,8.016129032,6.991666667,10.85833333,15.35,14.58870968,18.77419355,13.26666667,11.35483871,5.03125,5.011904762,4.481982847,8.62204301,16.23763441,9.884251793,9.806478015,9.2,2782,371
0609-1680,Gaultheria shallon,Flower,1986,6,163,60,47.41963448,-123.3003251,5.032258065,3.401785714,8.016129032,6.991666667,10.85833333,15.35,14.58870968,18.77419355,13.26666667,11.35483871,5.03125,5.011904762,4.481982847,8.62204301,16.23763441,9.884251793,9.806478015,9.3,2759,367
0609-1664,Gaultheria shallon,Flower,1986,6,163,90,47.35990464,-123.2789831,5.032258065,3.401785714,8.016129032,6.991666667,10.85833333,15.35,14.58870968,18.77419355,13.26666667,11.35483871,5.03125,5.011904762,4.481982847,8.62204301,16.23763441,9.884251793,9.806478015,10.1,2364,317
0609-1669,Gaultheria shallon,Flower,1986,6,168,90,47.36406224,-123.2788064,5.032258065,3.401785714,8.016129032,6.991666667,10.85833333,15.35,14.58870968,18.77419355,13.26666667,11.35483871,5.03125,5.011904762,4.481982847,8.62204301,16.23763441,9.884251793,9.806478015,10.1,2386,319
0609-1667,Gaultheria shallon,Flower,1986,6,168,95,47.36476409,-123.2788101,5.032258065,3.401785714,8.016129032,6.991666667,10.85833333,15.35,14.58870968,18.77419355,13.26666667,11.35483871,5.03125,5.011904762,4.481982847,8.62204301,16.23763441,9.884251793,9.806478015,10.1,2390,319
0609-1670,Gaultheria shallon,Flower,1986,6,168,98,47.36452863,-123.2794313,5.032258065,3.401785714,8.016129032,6.991666667,10.85833333,15.35,14.58870968,18.77419355,13.26666667,11.35483871,5.03125,5.011904762,4.481982847,8.62204301,16.23763441,9.884251793,9.806478015,10.1,2391,319
0609-1675,Gaultheria shallon,Flower,1986,6,169,90,47.36425338,-123.2741721,5.032258065,3.401785714,8.016129032,6.991666667,10.85833333,15.35,14.58870968,18.77419355,13.26666667,11.35483871,5.03125,5.011904762,4.481982847,8.62204301,16.23763441,9.884251793,9.806478015,10.1,2365,316
0609-1672,Gaultheria shallon,Flower,1986,6,169,90,47.36454294,-123.2734981,5.032258065,3.401785714,8.016129032,6.991666667,10.85833333,15.35,14.58870968,18.77419355,13.26666667,11.35483871,5.03125,5.011904762,4.481982847,8.62204301,16.23763441,9.884251793,9.806478015,10.1,2364,315
0609-1674,Gaultheria shallon,Flower,1986,6,169,95,47.3637154,-123.2733747,5.032258065,3.401785714,8.016129032,6.991666667,10.85833333,15.35,14.58870968,18.77419355,13.26666667,11.35483871,5.03125,5.011904762,4.481982847,8.62204301,16.23763441,9.884251793,9.806478015,10.1,2358,315
0609-1665,Gaultheria shallon,Flower,1986,6,170,75,47.35948925,-123.2795901,5.032258065,3.401785714,8.016129032,6.991666667,10.85833333,15.35,14.58870968,18.77419355,13.26666667,11.35483871,5.03125,5.011904762,4.481982847,8.62204301,16.23763441,9.884251793,9.806478015,10.1,2365,317
0609-1708,Gaultheria shallon,Flower,1986,7,184,60,47.35149626,-123.4767398,3.483870968,1.223214286,5.798387097,6.05,13.90833333,10.225,14.38709677,17.65322581,12.51666667,9.346774194,3.475,3.357142857,2.688076037,8.585573476,14.08844086,8.446146955,8.452059332,8.9,4851,731
0609-1724,Gaultheria shallon,Fruit,1986,7,205,1,47.45020988,-123.3900268,2.411290323,-1.116071429,5.169354839,3.325,7.65,12.80833333,12.12096774,17.09677419,10.49166667,10.28225806,2.55,3.678571429,1.657930108,5.381451613,14.00869175,7.774641577,7.205678763,8.4,3071,415
0609-1723,Gaultheria shallon,Fruit,1986,7,205,2,47.44978289,-123.3885778,3.572580645,0.75,6.290322581,4.725,8.858333333,13.725,12.93548387,17.66129032,11.56666667,10.77419355,3.55625,4.142857143,2.821812596,6.624551971,14.77392473,8.632370073,8.213164843,8.4,3072,415
0609-1726,Gaultheria shallon,Flower,1986,7,210,1,47.94302146,-123.1964445,-0.596774194,-6.017857143,2.322580645,0,4.741666667,10.675,10.08064516,16.39516129,7.958333333,8.790322581,-0.1375,2.05952381,-1.518369176,2.354749104,12.38360215,5.537051971,4.689258512,6.8,1551,283
0609-1728,Gaultheria shallon,Flower,1986,7,211,6,47.94377667,-123.1967687,-0.596774194,-6.017857143,2.322580645,0,4.741666667,10.675,10.08064516,16.39516129,7.958333333,8.790322581,-0.1375,2.05952381,-1.518369176,2.354749104,12.38360215,5.537051971,4.689258512,6.9,1550,283
0609-1729,Gaultheria shallon,Flower,1986,7,212,1,47.89884043,-123.1214859,2.612903226,-0.910714286,5.290322581,3.925,8.05,13.01666667,12.44354839,17.48387097,10.86666667,9.790322581,2.6625,3.654761905,1.785650282,5.755107527,14.31469534,7.773163084,7.407154059,6,1401,233
0609-1742,Gaultheria shallon,Flower,1986,8,220,8,47.89225062,-123.0857517,2.612903226,-0.910714286,5.290322581,3.925,8.05,13.01666667,12.44354839,17.48387097,10.86666667,9.790322581,2.6625,3.654761905,1.785650282,5.755107527,14.31469534,7.773163084,7.407154059,6.1,1456,248
0609-1806,Gaultheria shallon,Flower,1986,8,220,95,47.84380359,-123.1582456,-2.185483871,-8.491071429,1.056451613,-1.816666667,3.266666667,9.916666667,9.14516129,16.17741935,6.708333333,8.524193548,-1.49375,1.273809524,-3.134248592,0.835483871,11.74641577,4.579592294,3.506810835,4.8,1848,304
0609-1791,Gaultheria shallon,Flower,1986,8,222,30,47.82892579,-123.037439,1.951612903,-1.919642857,4.85483871,3.175,7.633333333,12.91666667,12.35483871,17.61290323,10.41666667,9.814516129,2.1625,3.404761905,1.145577317,5.221057348,14.29480287,7.464560933,7.031499617,5.5,1780,284
0609-1787,Gaultheria shallon,Flower,1986,8,222,65,47.78628488,-123.0426151,1.951612903,-1.919642857,4.85483871,3.175,7.633333333,12.91666667,12.35483871,17.61290323,10.41666667,9.814516129,2.1625,3.404761905,1.145577317,5.221057348,14.29480287,7.464560933,7.031499617,6.5,1856,312
0609-1789,Gaultheria shallon,Flower,1986,8,223,5,47.83196634,-123.039205,1.951612903,-1.919642857,4.85483871,3.175,7.633333333,12.91666667,12.35483871,17.61290323,10.41666667,9.814516129,2.1625,3.404761905,1.145577317,5.221057348,14.29480287,7.464560933,7.031499617,5.4,1767,281
0609-1795,Gaultheria shallon,Fruit,1986,8,231,60,47.83207121,-123.0135895,1.951612903,-1.919642857,4.85483871,3.175,7.633333333,12.91666667,12.35483871,17.61290323,10.41666667,9.814516129,2.1625,3.404761905,1.145577317,5.221057348,14.29480287,7.464560933,7.031499617,6.5,1738,281
0609-1835,Gaultheria shallon,Fruit,1986,8,240,8,47.53134893,-124.1602253,6.419354839,4.6875,8.677419355,7.416666667,10.875,14.95833333,14.34677419,17.21774194,13.38333333,12.13709677,6.09375,6.25,5.78561828,8.989695341,15.50761649,10.53806003,10.20524754,9.5,3006,515
0609-1835,Gaultheria shallon,Fruit,1986,8,240,8,47.53134893,-124.1602253,6.419354839,4.6875,8.677419355,7.416666667,10.875,14.95833333,14.34677419,17.21774194,13.38333333,12.13709677,6.09375,6.25,5.78561828,8.989695341,15.50761649,10.53806003,10.20524754,9.5,3006,515
0609-1835,Gaultheria shallon,Fruit,1986,8,240,8,47.53134893,-124.1602253,6.419354839,4.6875,8.677419355,7.416666667,10.875,14.95833333,14.34677419,17.21774194,13.38333333,12.13709677,6.09375,6.25,5.78561828,8.989695341,15.50761649,10.53806003,10.20524754,9.5,3006,515
0609-1835,Gaultheria shallon,Fruit,1986,8,240,8,47.53134893,-124.1602253,6.419354839,4.6875,8.677419355,7.416666667,10.875,14.95833333,14.34677419,17.21774194,13.38333333,12.13709677,6.09375,6.25,5.78561828,8.989695341,15.50761649,10.53806003,10.20524754,9.5,3006,515
0609-1835,Gaultheria shallon,Fruit,1986,8,240,8,47.53134893,-124.1602253,9.129032258,8.651785714,10.97580645,9.4,14.83333333,11.65,14.9516129,15.53225806,13.85833333,13.19354839,9.2125,8.476190476,8.752336149,11.73637993,14.04462365,12.08812724,11.65536674,9.5,3006,515
0609-1834,Gaultheria shallon,Fruit,1986,8,240,25,47.53036911,-124.1627944,6.419354839,4.6875,8.677419355,7.416666667,10.875,14.95833333,14.34677419,17.21774194,13.38333333,12.13709677,6.09375,6.25,5.78561828,8.989695341,15.50761649,10.53806003,10.20524754,9.5,3001,515
0609-1834,Gaultheria shallon,Fruit,1986,8,240,25,47.53036911,-124.1627944,6.419354839,4.6875,8.677419355,7.416666667,10.875,14.95833333,14.34677419,17.21774194,13.38333333,12.13709677,6.09375,6.25,5.78561828,8.989695341,15.50761649,10.53806003,10.20524754,9.5,3001,515
0609-1834,Gaultheria shallon,Fruit,1986,8,240,25,47.53036911,-124.1627944,6.419354839,4.6875,8.677419355,7.416666667,10.875,14.95833333,14.34677419,17.21774194,13.38333333,12.13709677,6.09375,6.25,5.78561828,8.989695341,15.50761649,10.53806003,10.20524754,9.5,3001,515
0609-1834,Gaultheria shallon,Fruit,1986,8,240,25,47.53036911,-124.1627944,6.419354839,4.6875,8.677419355,7.416666667,10.875,14.95833333,14.34677419,17.21774194,13.38333333,12.13709677,6.09375,6.25,5.78561828,8.989695341,15.50761649,10.53806003,10.20524754,9.5,3001,515
0609-1834,Gaultheria shallon,Fruit,1986,8,240,25,47.53036911,-124.1627944,9.129032258,8.651785714,10.97580645,9.4,14.83333333,11.65,14.9516129,15.53225806,13.85833333,13.19354839,9.2125,8.476190476,8.752336149,11.73637993,14.04462365,12.08812724,11.65536674,9.5,3001,515
0609-1836,Gaultheria shallon,Fruit,1986,8,240,70,47.53090892,-124.161026,6.419354839,4.6875,8.677419355,7.416666667,10.875,14.95833333,14.34677419,17.21774194,13.38333333,12.13709677,6.09375,6.25,5.78561828,8.989695341,15.50761649,10.53806003,10.20524754,9.5,3005,515
0609-1836,Gaultheria shallon,Fruit,1986,8,240,70,47.53090892,-124.161026,6.419354839,4.6875,8.677419355,7.416666667,10.875,14.95833333,14.34677419,17.21774194,13.38333333,12.13709677,6.09375,6.25,5.78561828,8.989695341,15.50761649,10.53806003,10.20524754,9.5,3005,515
0609-1836,Gaultheria shallon,Fruit,1986,8,240,70,47.53090892,-124.161026,6.419354839,4.6875,8.677419355,7.416666667,10.875,14.95833333,14.34677419,17.21774194,13.38333333,12.13709677,6.09375,6.25,5.78561828,8.989695341,15.50761649,10.53806003,10.20524754,9.5,3005,515
0609-1836,Gaultheria shallon,Fruit,1986,8,240,70,47.53090892,-124.161026,6.419354839,4.6875,8.677419355,7.416666667,10.875,14.95833333,14.34677419,17.21774194,13.38333333,12.13709677,6.09375,6.25,5.78561828,8.989695341,15.50761649,10.53806003,10.20524754,9.5,3005,515
0609-1836,Gaultheria shallon,Fruit,1986,8,240,70,47.53090892,-124.161026,9.129032258,8.651785714,10.97580645,9.4,14.83333333,11.65,14.9516129,15.53225806,13.85833333,13.19354839,9.2125,8.476190476,8.752336149,11.73637993,14.04462365,12.08812724,11.65536674,9.5,3005,515
0609-1890,Gaultheria shallon,Fruit,1986,9,246,85,47.45667733,-123.4187048,2.411290323,-1.116071429,5.169354839,3.325,7.65,12.80833333,12.12096774,17.09677419,10.49166667,10.28225806,2.55,3.678571429,1.657930108,5.381451613,14.00869175,7.774641577,7.205678763,8.1,3115,423
0609-1839,Gaultheria shallon,Fruit,1986,9,246,90,47.45501921,-123.3992163,2.411290323,-1.116071429,5.169354839,3.325,7.65,12.80833333,12.12096774,17.09677419,10.49166667,10.28225806,2.55,3.678571429,1.657930108,5.381451613,14.00869175,7.774641577,7.205678763,8.2,3071,415
0609-1842,Gaultheria shallon,Fruit,1986,9,248,70,47.46223787,-123.4380411,2.411290323,-1.116071429,5.169354839,3.325,7.65,12.80833333,12.12096774,17.09677419,10.49166667,10.28225806,2.55,3.678571429,1.657930108,5.381451613,14.00869175,7.774641577,7.205678763,8,3295,462
0605-5809,Gaultheria shallon,Flower,1987,6,167,90,48.27746444,-121.3995238,-0.467741935,3.196428571,4.983870968,9.166666667,15.45833333,12,16.9516129,17.40322581,15.78333333,10.69354839,4.9625,-2.369047619,0.119879672,9.869623655,15.4516129,10.47979391,8.980227534,7.5,2536,437
0605-5837,Gaultheria shallon,Flower,1987,7,189,55,47.72731479,-121.2424871,-3.701612903,-0.383928571,1.056451613,4.9,12.51666667,8.133333333,12.93548387,14.10483871,13.79166667,8.725806452,1.24375,-6.119047619,-3.401529698,6.157706094,11.72455197,7.920407707,5.600284019,5.5,2450,414
0605-5844,Gaultheria shallon,Flower,1987,7,191,90,47.73181095,-121.3167042,0.266129032,4.401785714,5.927419355,9.95,16.25833333,12.63333333,17.37096774,17.7983871,16.20833333,10.90322581,5.61875,-2.19047619,0.825812852,10.71191756,15.93422939,10.91010305,9.595515713,7.1,2552,423
0605-5840,Gaultheria shallon,Fruit,1987,7,191,90,47.73175698,-121.3160924,0.266129032,4.401785714,5.927419355,9.95,16.25833333,12.63333333,17.37096774,17.7983871,16.20833333,10.90322581,5.61875,-2.19047619,0.825812852,10.71191756,15.93422939,10.91010305,9.595515713,7.1,2552,423
0605-5841,Gaultheria shallon,Flower,1987,7,195,30,47.73222622,-121.316184,0.266129032,4.401785714,5.927419355,9.95,16.25833333,12.63333333,17.37096774,17.7983871,16.20833333,10.90322581,5.61875,-2.19047619,0.825812852,10.71191756,15.93422939,10.91010305,9.595515713,7.1,2554,423
0605-5842,Gaultheria shallon,Fruit,1987,7,195,90,47.73175697,-121.3154789,0.266129032,4.401785714,5.927419355,9.95,16.25833333,12.63333333,17.37096774,17.7983871,16.20833333,10.90322581,5.61875,-2.19047619,0.825812852,10.71191756,15.93422939,10.91010305,9.595515713,7.1,2554,423
0605-5846,Gaultheria shallon,Flower,1987,7,196,75,47.77350438,-121.2909321,-0.35483871,3.544642857,5.088709677,9.1,15.48333333,11.8,16.65322581,17.05645161,15.675,10.31451613,4.9375,-2.714285714,0.158506144,9.890681002,15.16989247,10.30900538,8.882021249,6.8,2595,436
0605-5883,Gaultheria shallon,Fruit,1987,7,197,2,47.77458822,-121.2906029,-0.35483871,3.544642857,5.088709677,9.1,15.48333333,11.8,16.65322581,17.05645161,15.675,10.31451613,4.9375,-2.714285714,0.158506144,9.890681002,15.16989247,10.30900538,8.882021249,6.8,2592,435
0605-6102,Gaultheria shallon,Fruit,1987,8,231,4,47.65443985,-121.2787078,0.266129032,4.401785714,5.927419355,9.95,16.25833333,12.63333333,17.37096774,17.7983871,16.20833333,10.90322581,5.61875,-2.19047619,0.825812852,10.71191756,15.93422939,10.91010305,9.595515713,6.3,2458,412
0605-6004,Gaultheria shallon,Fruit,1987,9,247,1,48.49566691,-121.9512525,1.838709677,5.0625,6.766129032,9.991666667,12.3,15.11666667,16.5,17.25,15.48333333,11.27419355,6.59375,-0.166666667,2.24484767,9.6859319,16.28888889,11.11709229,9.834190188,7.4,3017,537
0605-5925,Gaultheria shallon,Fruit,1987,9,254,25,47.02760356,-121.5670098,-2.169354839,0.366071429,1.411290323,5.391666667,12.20833333,8.075,12.41935484,14.25,13.35,9.733870968,1.91875,-5.369047619,-2.39077701,6.337096773,11.58145161,8.334206989,5.965494592,5.2,1518,252
0605-6194,Gaultheria shallon,Fruit,1988,8,225,55,48.51662194,-121.2523161,-3.596774194,-0.089285714,0.758064516,4.775,10.00833333,7.691666667,13.13709677,13.74193548,10.73333333,8.35483871,-0.525,-3.797619048,-2.494559652,5.180465949,11.52356631,6.187724013,5.099299154,7,2221,379
0605-6240,Gaultheria shallon,Fruit,1988,8,226,30,48.33261085,-121.4107787,-0.35483871,2.473214286,4.096774194,7.866666667,13.54166667,11.06666667,16.2016129,16.80645161,13.68333333,11.16129032,3.4375,-0.071428571,0.682315668,8.50170251,14.69157706,9.42737455,8.325742447,7.4,2571,438
0605-6469,Gaultheria shallon,Flower,1990,7,186,50,47.02503015,-121.5315206,-1.379032258,-1.973214286,2.330645161,5.558333333,9.625,5.7,15.49193548,14.47580645,13.875,3.330645161,0.6375,-8.226190476,-3.859479007,5.837992831,11.88924731,5.947715054,4.953869047,5,1436,241
0605-6474,Gaultheria shallon,Flower,1990,7,193,45,47.6655358,-121.2757988,2.306451613,0.964285714,5.959677419,9.816666667,14.29166667,10.86666667,19.25,18.77419355,16.425,7.661290323,4.675,-4.714285714,-0.481182796,10.02267025,16.29695341,9.587096774,8.856384409,6.4,2419,405
0605-6494,Gaultheria shallon,Fruit,1990,8,236,95,48.26242809,-121.3516191,1.725806452,0.116071429,5.016129032,9.158333333,13.63333333,10.51666667,18.53225806,18.12903226,15.80833333,6.758064516,3.70625,-5.452380952,-1.203501024,9.269265232,15.72598566,8.757549282,8.137324788,6.5,2646,462
0605-6497,Gaultheria shallon,Fruit,1990,8,239,2,48.50806799,-121.2459487,-5.411290323,-5.973214286,-1.943548387,0.991666667,4,0.95,9.830645161,9.467741935,9.216666667,-2.137096774,-3.85,-12.16666667,-7.850390426,1.016039427,6.749462365,1.076523298,0.247908666,7,2240,381
0609-1531,Gaultheria shallon,Fruit,1991,8,221,90,47.31719821,-123.7263977,3.758064516,8.241071429,5.830645161,8.366666667,12.58333333,10.55,16.07258065,16.20967742,15.70833333,10.33064516,7.46875,4.988095238,5.662410394,8.926881719,14.27741936,11.16924283,10.00898858,9.5,3833,612
0609-1518,Gaultheria shallon,Flower,1991,8,236,5,47.94345167,-123.1974103,-2.241935484,2.607142857,-2.209677419,1.358333333,3.2,6.366666667,11.62096774,12.41935484,12.04166667,5.193548387,1.1,0.678571429,0.347926267,0.782885305,10.13566308,6.111738352,4.344553252,6.9,1553,283
0609-1438,Gaultheria shallon,Fruit,1991,8,238,30,47.77445799,-122.9169648,2.258064516,6.883928571,4.39516129,7.508333333,10.16666667,12.26666667,16.32258065,16.96774194,15.075,9.379032258,6.14375,4.214285714,4.452092934,7.356720431,15.18566309,10.19926075,9.298434301,9.3,1597,263
0609-1434,Gaultheria shallon,Fruit,1991,8,240,1,47.78791699,-122.9037659,2.258064516,6.883928571,4.39516129,7.508333333,10.16666667,12.26666667,16.32258065,16.96774194,15.075,9.379032258,6.14375,4.214285714,4.452092934,7.356720431,15.18566309,10.19926075,9.298434301,9.9,1472,244
0609-1796,Gaultheria shallon,Flower,1992,6,163,2,47.80147883,-123.049692,1.975806452,3.9375,6.290322581,6.058333333,9.7,13,13.68548387,15.36290323,10.18333333,7.540322581,1.90625,-1.333333333,1.526657706,7.349551971,14.01612903,6.54330197,7.35891017,5.7,1887,311
0609-1379,Gaultheria shallon,Fruit,1992,7,204,1,47.34918602,-123.9048494,1.709677419,4.116071429,5.862903226,5.608333333,12.55833333,10.09166667,13.58064516,15.40322581,10.14166667,8.048387097,1.0125,-1.773809524,1.350646441,8.00985663,13.02517921,6.400851256,7.196633385,9.6,3296,547
0609-1597,Gaultheria shallon,Fruit,1992,7,204,4,47.3540142,-123.9042037,-1.693548387,0.982142857,4.056451613,2.725,11.68333333,7.4,12.40322581,13.71774194,6.691666667,5.088709677,-1.53125,-5.785714286,-2.165706605,6.154928314,11.17365592,3.416375448,4.644813268,9.6,3337,552
0609-1598,Gaultheria shallon,Fruit,1992,7,205,1,47.34994585,-123.9066233,1.709677419,4.116071429,5.862903226,5.608333333,12.55833333,10.09166667,13.58064516,15.40322581,10.14166667,8.048387097,1.0125,-1.773809524,1.350646441,8.00985663,13.02517921,6.400851256,7.196633385,9.6,3276,544
0609-1579,Gaultheria shallon,Flower,1992,7,210,8,47.89235243,-124.3018343,5.056451613,6.794642857,8.991935484,8.833333333,12.15833333,15.35,16.00806452,16.98387097,12.78333333,10.54032258,4.35625,0.69047619,4.180523553,9.994534049,16.1139785,9.226635303,9.878917851,9.5,3078,499
0609-1579,Gaultheria shallon,Flower,1992,7,210,2,47.89235243,-124.3018343,5.056451613,6.794642857,8.991935484,8.833333333,12.15833333,15.35,16.00806452,16.98387097,12.78333333,10.54032258,4.35625,0.69047619,4.180523553,9.994534049,16.1139785,9.226635303,9.878917851,9.5,3078,499
0609-1555,Gaultheria shallon,Fruit,1992,8,230,3,48.00792482,-123.9525671,6.314516129,7.973214286,9.629032258,11.575,18.14166667,14.86666667,18.81451613,19.25,15.38333333,12.25806452,6.59375,4.25,6.179243472,13.11523298,17.6437276,11.41171595,12.08748,7.5,2870,369
0605-6603,Gaultheria shallon,Fruit,1992,8,240,90,47.72370538,-121.2063635,-1.822580645,1.017857143,4.290322581,4.775,13.425,9.541666667,13.5483871,15.12096774,8.941666667,6.241935484,-1.61875,-3.845238095,-1.549987199,7.496774194,12.73700717,4.521617384,5.801352887,5.4,2203,383
0609-2067,Gaultheria shallon,Fruit,1992,9,246,1,47.91902667,-122.9659359,2.459677419,4.303571429,6.435483871,6.308333333,9.9,13.06666667,13.77419355,15.27419355,10.29166667,7.782258065,2.325,-0.904761905,1.952828981,7.547939068,14.03835126,6.799641578,7.584690221,8.5,1550,294
0609-2066,Gaultheria shallon,Fruit,1992,9,246,2,47.91856715,-122.9638081,2.459677419,4.303571429,6.435483871,6.308333333,9.9,13.06666667,13.77419355,15.27419355,10.29166667,7.782258065,2.325,-0.904761905,1.952828981,7.547939068,14.03835126,6.799641578,7.584690221,8.6,1551,295
0609-1442,Gaultheria shallon,Flower,1993,6,159,2,47.68476935,-123.0282616,-1.588709677,0.3125,4.056451613,4.725,11.15833333,10.025,11.00806452,14.15322581,13.61666667,9.701612903,1.6,1.297619048,0.007136457,6.646594981,11.72876344,8.306093191,6.672147018,8,1806,299
0609-1443,Gaultheria shallon,Flower,1993,6,160,1,47.68466054,-123.0314861,-1.588709677,0.3125,4.056451613,4.725,11.15833333,10.025,11.00806452,14.15322581,13.61666667,9.701612903,1.6,1.297619048,0.007136457,6.646594981,11.72876344,8.306093191,6.672147018,7.8,1820,302
0609-1447,Gaultheria shallon,Flower,1993,6,161,1,47.61355159,-123.0307781,1.443548387,3.714285714,7.60483871,9.25,14.575,14.46666667,15.31451613,17.30645161,15.35833333,11.83870968,4.56875,3.333333333,2.830389145,10.4766129,15.69587814,10.58859767,9.897869464,8.9,2035,309
0609-1644,Gaultheria shallon,Flower,1993,6,166,5,47.60194359,-123.1248545,-0.701612903,1.285714286,5.040322581,6.116666667,12.125,11.35833333,12.29032258,15.11290323,14.1,10.33064516,2.4875,1.821428571,0.801843318,7.760663083,12.92051971,8.972715053,7.613935292,8.1,2379,353
0609-1449,Gaultheria shallon,Flower,1993,6,167,2,47.61908935,-123.04546,1.443548387,3.714285714,7.60483871,9.25,14.575,14.46666667,15.31451613,17.30645161,15.35833333,11.83870968,4.56875,3.333333333,2.830389145,10.4766129,15.69587814,10.58859767,9.897869464,8.2,2189,335
0609-1645,Gaultheria shallon,Flower,1993,6,169,1,47.60027762,-123.134043,-0.701612903,1.285714286,5.040322581,6.116666667,12.125,11.35833333,12.29032258,15.11290323,14.1,10.33064516,2.4875,1.821428571,0.801843318,7.760663083,12.92051971,8.972715053,7.613935292,8,2394,356
0609-1596,Gaultheria shallon,Flower,1993,6,174,1,47.57595341,-123.2611671,-3.991935484,-2.151785714,1.129032258,1.108333333,8.25,6.541666667,7.64516129,11.63709677,12.08333333,7.89516129,-0.69375,-0.511904762,-2.218541987,3.49578853,8.607974909,6.428248207,4.078367415,5.8,2679,417
0609-1435,Gaultheria shallon,Flower,1993,7,183,3,47.50986464,-123.2223128,0.491935484,2.714285714,6.435483871,7.816666667,13.41666667,13.11666667,14.00806452,16.32258065,14.76666667,11.07258065,3.64375,2.547619048,1.917946749,9.222939069,14.48243728,9.827665773,8.862747218,8,2547,370
0609-1641,Gaultheria shallon,Flower,1993,7,195,65,47.37088786,-123.2767496,0.927419355,3.214285714,6.758064516,8.208333333,13.63333333,13.5,14.36290323,16.55645161,14.825,11.29032258,4.01875,2.738095238,2.293266769,9.533243726,14.80645161,10.04469086,9.169413242,10,2415,321
0609-1661,Gaultheria shallon,Fruit,1993,7,195,1,47.35981188,-123.2801215,0.927419355,3.214285714,6.758064516,8.208333333,13.63333333,13.5,14.36290323,16.55645161,14.825,11.29032258,4.01875,2.738095238,2.293266769,9.533243726,14.80645161,10.04469086,9.169413242,10.1,2370,317
0609-1663,Gaultheria shallon,Fruit,1993,7,195,75,47.36019116,-123.2795673,0.927419355,3.214285714,6.758064516,8.208333333,13.63333333,13.5,14.36290323,16.55645161,14.825,11.29032258,4.01875,2.738095238,2.293266769,9.533243726,14.80645161,10.04469086,9.169413242,10.1,2369,317
0609-1665,Gaultheria shallon,Fruit,1993,7,197,45,47.35948925,-123.2795901,0.927419355,3.214285714,6.758064516,8.208333333,13.63333333,13.5,14.36290323,16.55645161,14.825,11.29032258,4.01875,2.738095238,2.293266769,9.533243726,14.80645161,10.04469086,9.169413242,10.1,2365,317
0609-1666,Gaultheria shallon,Fruit,1993,7,197,2,47.36435018,-123.2788079,0.927419355,3.214285714,6.758064516,8.208333333,13.63333333,13.5,14.36290323,16.55645161,14.825,11.29032258,4.01875,2.738095238,2.293266769,9.533243726,14.80645161,10.04469086,9.169413242,10.1,2387,319
0605-5810,Gaultheria shallon,Flower,1993,7,201,1,48.27822456,-121.401131,-2.540322581,1.3125,5.362903226,7.4,13.2,14.1,14.43548387,16.50806452,14.58333333,10.4516129,1.6125,0.404761905,-0.274353559,8.654301075,15.01451613,8.882482077,8.069236431,7.6,2525,436
0609-1668,Gaultheria shallon,Flower,1993,7,208,1,47.36447757,-123.2782259,0.927419355,3.214285714,6.758064516,8.208333333,13.63333333,13.5,14.36290323,16.55645161,14.825,11.29032258,4.01875,2.738095238,2.293266769,9.533243726,14.80645161,10.04469086,9.169413242,10.1,2385,318
0609-1667,Gaultheria shallon,Flower,1993,7,209,2,47.36476409,-123.2788101,0.927419355,3.214285714,6.758064516,8.208333333,13.63333333,13.5,14.36290323,16.55645161,14.825,11.29032258,4.01875,2.738095238,2.293266769,9.533243726,14.80645161,10.04469086,9.169413242,10.1,2390,319
0609-1689,Gaultheria shallon,Fruit,1993,8,217,75,47.36407207,-123.8790401,-5.346774194,-2.491071429,-0.387096774,-0.158333333,7.516666667,7.658333333,8.282258065,11.79032258,11.08333333,6.846774194,-2.05,-2.238095238,-3.358646954,2.32374552,9.243637993,5.293369175,3.375526433,9.4,3870,618
0609-1756,Gaultheria shallon,Flower,1993,8,230,5,47.97178594,-123.9532421,2.548387097,4.580357143,8.338709677,10.44166667,16.025,15.55833333,16.66129032,18.43548387,16.09166667,12.52419355,5.59375,3.535714286,3.554819509,11.60179212,16.88503584,11.40320341,10.86121272,7.2,3175,435
0609-1829,Gaultheria shallon,Fruit,1993,8,232,3,47.75058304,-122.8902665,0.580645161,2.767857143,6.717741935,8.141666667,13.58333333,13.225,14.09677419,16.2983871,14.69166667,11.23387097,3.8625,2.976190476,2.108230927,9.480913977,14.54005376,9.92934588,9.014636137,9.7,1340,227
0609-1469,Gaultheria shallon,Fruit,1993,8,238,1,47.34140535,-123.7861424,-8.201612903,-6.8125,-2.822580645,-3.758333333,1.608333333,4.091666667,2.459677419,7.435483871,8.675,3.64516129,-5.03125,-1.904761905,-5.639624936,-1.657526882,4.662275986,2.429637097,-0.051309684,9.4,3464,560
0605-6315,Gaultheria shallon,Fruit,1993,9,245,45,48.46254105,-121.9591452,-0.822580645,2.982142857,6.709677419,8.883333333,14.58333333,14.23333333,15.08064516,17.08064516,14.825,11.28225806,3.55,2.285714286,1.481758833,10.05878136,15.46487455,9.885752687,9.222791858,6.4,3671,648
0605-5809,Gaultheria shallon,Fruit,1993,9,246,10,48.27746444,-121.3995238,-2.540322581,1.3125,5.362903226,7.4,13.2,14.1,14.43548387,16.50806452,14.58333333,10.4516129,1.6125,0.404761905,-0.274353559,8.654301075,15.01451613,8.882482077,8.069236431,7.5,2536,437
0609-1513,Gaultheria shallon,Fruit,1993,9,258,8,47.53595352,-123.9896139,-3.282258065,-1.723214286,4.548387097,4.941666667,11.43333333,9.216666667,14.83870968,15.44354839,13.44166667,8.564516129,2.45625,-1.571428571,-2.192300307,6.974462365,13.16630825,8.154144266,6.525653642,9.1,3677,609
0609-1599,Gaultheria shallon,Fruit,1993,9,258,40,47.57366762,-124.0330996,2.814516129,4.964285714,8.669354839,10.54166667,16.04166667,15.74166667,16.60483871,18.41935484,16.28333333,12.83064516,5.7875,3.892857143,3.890552995,11.75089606,16.92195341,11.63382616,11.04930716,9.4,3369,561
0609-1612,Gaultheria shallon,Fruit,1993,9,259,5,47.61980515,-123.9058092,-4.137096774,-3.1875,2.588709677,1.85,8.25,8.05,9.274193548,12.59677419,12.35833333,7.693548387,-0.725,-0.857142857,-2.727246544,4.229569892,9.973655913,6.442293906,4.479568292,8.8,3622,597
0605-6741,Gaultheria shallon,Fruit,1993,9,266,20,48.32769565,-121.7078857,-2.024193548,1.392857143,5.274193548,7.108333333,12.575,13.45833333,13.45967742,15.91129032,14.16666667,10.01612903,1.68125,0.928571429,0.099078341,8.319175627,14.27643369,8.621348567,7.829009056,6,3875,719
0605-6151,Gaultheria shallon,Flower,1994,7,202,10,47.00876306,-121.533861,0.911290323,-2.267857143,2.669354839,4.5,9.183333333,7.816666667,15.08064516,13.46774194,13.08333333,4.669354839,-3.48125,-1.630952381,-0.995839734,5.450896057,12.12168459,4.757146056,5.333471742,5.2,1403,230
0605-5841,Gaultheria shallon,Fruit,1995,6,166,1,47.73222622,-121.316184,1.64516129,3.892857143,5.403225806,8.041666667,14.73333333,12.76666667,17.9516129,15.2016129,16.18333333,8.338709677,4.025,2.392857143,2.643625192,9.392741934,15.30663082,9.515681002,9.214669738,7.1,2554,423
0605-5844,Gaultheria shallon,Flower,1995,6,173,5,47.73181095,-121.3167042,1.64516129,3.892857143,5.403225806,8.041666667,14.73333333,12.76666667,17.9516129,15.2016129,16.18333333,8.338709677,4.025,2.392857143,2.643625192,9.392741934,15.30663082,9.515681002,9.214669738,7.1,2552,423
0609-1955,Gaultheria shallon,Fruit,1995,9,248,70,48.03094619,-124.0489273,5.943548387,7.151785714,8.14516129,10.28333333,16.64166667,14.88333333,19.46774194,17.27419355,17.56666667,11.38709677,8.15,6.226190476,6.440508192,11.69005376,17.20842294,12.36792115,11.92672651,7.5,2812,437
0605-6003,Gaultheria shallon,Fruit,1997,7,204,60,48.49599356,-121.9525452,2.64516129,3.892857143,5.080645161,8.3,12.875,13.81666667,16.18548387,18.46774194,15.39166667,9.193548387,6.5875,3.535714286,3.357910906,8.75188172,16.15663083,10.39090502,9.664332118,7.4,3010,537
0609-1661,Gaultheria shallon,Fruit,1998,7,188,1,47.35981188,-123.2801215,3.532258065,5.160714286,6.387096774,8.066666667,11.19166667,13.85,17.58870968,17.22580645,15.35833333,9.443548387,5.1625,2.130952381,3.607974911,8.548476704,16.22150538,9.988127239,9.591521058,10.1,2370,317
0609-1663,Gaultheria shallon,Fruit,1998,7,188,1,47.36019116,-123.2795673,3.532258065,5.160714286,6.387096774,8.066666667,11.19166667,13.85,17.58870968,17.22580645,15.35833333,9.443548387,5.1625,2.130952381,3.607974911,8.548476704,16.22150538,9.988127239,9.591521058,10.1,2369,317
0609-2507,Gaultheria shallon,Fruit,1998,7,189,90,47.35023426,-123.2586481,3.532258065,5.160714286,6.387096774,8.066666667,11.19166667,13.85,17.58870968,17.22580645,15.35833333,9.443548387,5.1625,2.130952381,3.607974911,8.548476704,16.22150538,9.988127239,9.591521058,10.2,2205,296
0609-1642,Gaultheria shallon,Fruit,1998,7,189,10,47.37092532,-123.2761405,3.532258065,5.160714286,6.387096774,8.066666667,11.19166667,13.85,17.58870968,17.22580645,15.35833333,9.443548387,5.1625,2.130952381,3.607974911,8.548476704,16.22150538,9.988127239,9.591521058,10,2413,321
0609-2511,Gaultheria shallon,Fruit,1998,7,191,98,47.37683402,-123.2660375,3.532258065,5.160714286,6.387096774,8.066666667,11.19166667,13.85,17.58870968,17.22580645,15.35833333,9.443548387,5.1625,2.130952381,3.607974911,8.548476704,16.22150538,9.988127239,9.591521058,10,2417,320
0605-163012,Gaultheria shallon,Fruit,2001,9,250,5,48.31008236,-121.7193898,2.483870968,1.732142857,4.693548387,6.016666667,11.675,10.025,14.94354839,16.44354839,13.61666667,7,3.84375,1.357142857,1.857718894,7.461738351,13.80403226,8.153472223,7.819240432,7.3,3234,598
0605-163025,Gaultheria shallon,Fruit,2001,9,255,2,47.74587357,-121.3538317,1.85483871,1.919642857,5.298387097,6.6,12.43333333,10.8,16.33870968,17.5483871,14.6,7.733870968,4.28125,1.333333333,1.702604967,8.110573476,14.89569893,8.871706989,8.39514609,7,2741,462
0605-263007,Gaultheria shallon,Flower,2002,7,200,2,47.66084531,-121.3015659,1.741935484,2.732142857,2.983870968,7.633333333,15.43333333,10.19166667,18.20967742,17.49193548,14.30833333,9.040322581,5.36875,2.75,2.408026114,8.683512544,15.29775986,9.572468637,8.990441788,6.6,2499,415
0605-263034,Gaultheria shallon,Fruit,2002,7,212,0.5,48.2825094,-121.3974115,1.10483871,1.857142857,2.064516129,7,14.875,9.641666667,17.25,17.20967742,13.78333333,8.548387097,5.0625,2.05952381,1.673835126,7.97983871,14.70044803,9.131406809,8.371382168,7.5,2502,433
0605-263046,Gaultheria shallon,Flower,2002,8,219,45,48.21428066,-121.5668346,-3.298387097,-1.919642857,-2.758064516,1.775,8.6,3.333333333,12.2016129,12.34677419,8.95,4.419354839,2.93125,-2.702380952,-2.640136969,2.538978495,9.293906808,5.433534946,3.65657082,7.8,2789,473
0605-263051,Gaultheria shallon,Flower,2002,8,226,55,47.05329124,-121.8743194,0.330645161,1.107142857,0.274193548,4.125,6.383333333,11.51666667,14.49193548,14.08064516,11.95,7.241935484,6.00625,1.452380952,0.963389657,3.594175627,13.36308244,8.399395161,6.58001072,5.1,2081,549
0605-263085,Gaultheria shallon,Fruit,2002,8,228,10,47.08402948,-121.5868001,0.330645161,1.607142857,1.701612903,5.35,12.70833333,7.625,15.58064516,14.96774194,12.61666667,7.951612903,4.75,1.571428571,1.169738863,6.586648744,12.72446237,8.439426524,7.230069125,6.9,1298,224
0605-2630862,Gaultheria shallon,Flower,2002,8,233,6,47.0332195,-121.6918579,-0.435483871,0.723214286,0.508064516,4.325,11.90833333,6.65,15.12903226,14.40322581,12.08333333,7.298387097,5.0375,0.797619048,0.361783154,5.580465949,12.06075269,8.139740142,6.535685484,5.8,1689,316
0605-263087,Gaultheria shallon,Flower,2002,8,233,70,47.09622575,-121.5841186,0.330645161,1.607142857,1.701612903,5.35,12.70833333,7.625,15.58064516,14.96774194,12.61666667,7.951612903,4.75,1.571428571,1.169738863,6.586648744,12.72446237,8.439426524,7.230069125,7.1,1312,226
0605-7281,Gaultheria shallon,Fruit,2002,8,233,90,47.76370337,-121.3206397,1.137096774,2.1875,2.298387097,7.025,14.625,9.45,17.53225806,16.80645161,13.675,8.524193548,5.1,2.119047619,1.814548131,7.982795699,14.59623656,9.099731183,8.373327892,6.7,2715,460
0605-5840,Gaultheria shallon,Fruit,2002,8,234,55,47.73175698,-121.3160924,1.741935484,2.732142857,2.983870968,7.633333333,15.43333333,10.19166667,18.20967742,17.49193548,14.30833333,9.040322581,5.36875,2.75,2.408026114,8.683512544,15.29775986,9.572468637,8.990441788,7.1,2552,423
0605-5841,Gaultheria shallon,Fruit,2002,8,234,10,47.73222622,-121.316184,1.741935484,2.732142857,2.983870968,7.633333333,15.43333333,10.19166667,18.20967742,17.49193548,14.30833333,9.040322581,5.36875,2.75,2.408026114,8.683512544,15.29775986,9.572468637,8.990441788,7.1,2554,423
0605-5842,Gaultheria shallon,Fruit,2002,8,234,20,47.73175697,-121.3154789,1.741935484,2.732142857,2.983870968,7.633333333,15.43333333,10.19166667,18.20967742,17.49193548,14.30833333,9.040322581,5.36875,2.75,2.408026114,8.683512544,15.29775986,9.572468637,8.990441788,7.1,2554,423
0605-5844,Gaultheria shallon,Fruit,2002,8,235,2,47.73181095,-121.3167042,1.741935484,2.732142857,2.983870968,7.633333333,15.43333333,10.19166667,18.20967742,17.49193548,14.30833333,9.040322581,5.36875,2.75,2.408026114,8.683512544,15.29775986,9.572468637,8.990441788,7.1,2552,423
0605-7494,Gaultheria shallon,Fruit,2002,9,248,90,48.26300402,-121.2779736,-0.258064516,0.5625,0.709677419,5.741666667,13.625,8.241666667,16.35483871,16.27419355,12.69166667,7.532258065,4.225,0.630952381,0.311795955,6.692114695,13.62356631,8.149641578,7.194279634,6.2,2635,473
0605-6516,Gaultheria shallon,Fruit,2002,9,255,1,48.91423339,-121.8508663,1.701612903,2.455357143,2.193548387,7.258333333,9.516666667,14.69166667,16.88709677,16.83870968,13.475,8.435483871,6.275,2.738095238,2.298355095,6.322849462,16.13915771,9.39516129,8.538880889,6.2,2045,422
0605-263073,Gaultheria shallon,Fruit,2002,9,263,15,48.7356304,-121.6180082,-1.233870968,-0.375,-0.435483871,4.383333333,11.78333333,6.3,14.94354839,14.96774194,11.09166667,5.637096774,4.29375,0.047619048,-0.520417307,5.243727597,12.07043011,7.007504481,5.950311221,7.6,2558,461
0605-6469,Gaultheria shallon,Fruit,2002,9,269,1,47.02503015,-121.5315206,-2.362903226,-1.223214286,-1.137096774,3.108333333,10.38333333,4.991666667,14.18548387,13.20967742,10.53333333,5.60483871,2.6,-1.642857143,-1.742991552,4.118189963,10.79560932,6.246057347,4.854216269,5,1436,241
0605-6473,Gaultheria shallon,Flower,2003,6,170,1,47.70731911,-121.4448966,3.89516129,3.160714286,4.967741935,7.358333333,15.38333333,10.6,17.95967742,17.24193548,14.85,10.30645161,2.325,1.464285714,2.840053763,9.236469533,15.2672043,9.16048387,9.126052867,6.8,2856,523
0609-1669,Gaultheria shallon,Fruit,2003,7,182,40,47.36406224,-123.2788064,5.951612903,4.151785714,6.306451613,7.325,10.425,15.25833333,17.41935484,16.71774194,15.01666667,10.97580645,4.0125,2.869047619,4.324148745,8.018817204,16.46514337,10.00165771,9.702441757,10.1,2386,319
0609-1666,Gaultheria shallon,Fruit,2003,7,182,5,47.36435018,-123.2788079,5.951612903,4.151785714,6.306451613,7.325,10.425,15.25833333,17.41935484,16.71774194,15.01666667,10.97580645,4.0125,2.869047619,4.324148745,8.018817204,16.46514337,10.00165771,9.702441757,10.1,2387,319
0609-1668,Gaultheria shallon,Fruit,2003,7,183,2,47.36447757,-123.2782259,5.951612903,4.151785714,6.306451613,7.325,10.425,15.25833333,17.41935484,16.71774194,15.01666667,10.97580645,4.0125,2.869047619,4.324148745,8.018817204,16.46514337,10.00165771,9.702441757,10.1,2385,318
0609-1670,Gaultheria shallon,Fruit,2003,7,183,2,47.36452863,-123.2794313,5.951612903,4.151785714,6.306451613,7.325,10.425,15.25833333,17.41935484,16.71774194,15.01666667,10.97580645,4.0125,2.869047619,4.324148745,8.018817204,16.46514337,10.00165771,9.702441757,10.1,2391,319
0609-1672,Gaultheria shallon,Flower,2003,7,184,1,47.36454294,-123.2734981,5.951612903,4.151785714,6.306451613,7.325,10.425,15.25833333,17.41935484,16.71774194,15.01666667,10.97580645,4.0125,2.869047619,4.324148745,8.018817204,16.46514337,10.00165771,9.702441757,10.1,2364,315
0609-1674,Gaultheria shallon,Fruit,2003,7,184,1,47.3637154,-123.2733747,5.951612903,4.151785714,6.306451613,7.325,10.425,15.25833333,17.41935484,16.71774194,15.01666667,10.97580645,4.0125,2.869047619,4.324148745,8.018817204,16.46514337,10.00165771,9.702441757,10.1,2358,315
0609-1673,Gaultheria shallon,Fruit,2003,7,184,15,47.36425629,-123.2729537,5.951612903,4.151785714,6.306451613,7.325,10.425,15.25833333,17.41935484,16.71774194,15.01666667,10.97580645,4.0125,2.869047619,4.324148745,8.018817204,16.46514337,10.00165771,9.702441757,10.1,2359,315
0609-2525,Gaultheria shallon,Fruit,2003,7,197,50,47.92783786,-122.9492366,6.459677419,4.982142857,7.153225806,8.475,11.13333333,15.68333333,17.87096774,17.32258065,15.59166667,11.62096774,4.5125,3.928571429,5.123463902,8.920519712,16.95896057,10.5750448,10.39449725,9.2,1351,281
0605-6273,Gaultheria shallon,Fruit,2003,7,210,3,48.89271843,-121.9067365,4.887096774,3.883928571,5.048387097,7.641666667,10.79166667,15.425,17.91935484,17.62903226,15.28333333,10.75806452,3,2.107142857,3.626056067,7.827240145,16.99112903,9.68046595,9.531222799,7,1965,398
0605-7565,Gaultheria shallon,Fruit,2003,7,211,55,48.88656663,-121.9145098,4.887096774,3.883928571,5.048387097,7.641666667,10.79166667,15.425,17.91935484,17.62903226,15.28333333,10.75806452,3,2.107142857,3.626056067,7.827240145,16.99112903,9.68046595,9.531222799,7.3,1916,390
0605-7562,Gaultheria shallon,Fruit,2003,7,211,75,48.88554951,-121.9154048,4.887096774,3.883928571,5.048387097,7.641666667,10.79166667,15.425,17.91935484,17.62903226,15.28333333,10.75806452,3,2.107142857,3.626056067,7.827240145,16.99112903,9.68046595,9.531222799,7.4,1908,389
0605-7561,Gaultheria shallon,Fruit,2003,7,211,75,48.88569944,-121.9160427,4.887096774,3.883928571,5.048387097,7.641666667,10.79166667,15.425,17.91935484,17.62903226,15.28333333,10.75806452,3,2.107142857,3.626056067,7.827240145,16.99112903,9.68046595,9.531222799,7.4,1906,388
0605-7563,Gaultheria shallon,Fruit,2003,7,212,7,48.88609057,-121.9155432,4.887096774,3.883928571,5.048387097,7.641666667,10.79166667,15.425,17.91935484,17.62903226,15.28333333,10.75806452,3,2.107142857,3.626056067,7.827240145,16.99112903,9.68046595,9.531222799,7.4,1910,389
0605-7564,Gaultheria shallon,Fruit,2003,7,212,25,48.88646191,-121.9148531,4.887096774,3.883928571,5.048387097,7.641666667,10.79166667,15.425,17.91935484,17.62903226,15.28333333,10.75806452,3,2.107142857,3.626056067,7.827240145,16.99112903,9.68046595,9.531222799,7.3,1914,389
0605-7567,Gaultheria shallon,Fruit,2003,7,212,40,48.88709742,-121.913557,4.887096774,3.883928571,5.048387097,7.641666667,10.79166667,15.425,17.91935484,17.62903226,15.28333333,10.75806452,3,2.107142857,3.626056067,7.827240145,16.99112903,9.68046595,9.531222799,7.3,1922,391
0605-7569,Gaultheria shallon,Fruit,2003,8,213,80,48.88748776,-121.9129756,4.887096774,3.883928571,5.048387097,7.641666667,10.79166667,15.425,17.91935484,17.62903226,15.28333333,10.75806452,3,2.107142857,3.626056067,7.827240145,16.99112903,9.68046595,9.531222799,7.2,1926,391
0603-10001,Gaultheria shallon,Flower,2003,8,225,50,46.35784667,-121.6194563,0.733870968,-1.178571429,0.467741935,1.758333333,11.11666667,5.591666667,15.06451613,14.21774194,12.24166667,6.693548387,-1.83125,-2.94047619,-1.128392217,4.447580646,11.62464158,5.701321686,5.161287923,5.5,1650,275
0603-10011,Gaultheria shallon,Fruit,2003,8,228,60,46.39994409,-121.8217988,2.580645161,0.982142857,2.532258065,3.883333333,13.03333333,7.725,16.39516129,15.7016129,13.95,8.572580645,0.45,-0.678571429,0.96140553,6.482974909,13.27392473,7.657526882,7.093958013,7.2,2024,322
0603-10012,Gaultheria shallon,Fruit,2003,8,229,25,46.40925433,-121.8239793,2.580645161,0.982142857,2.532258065,3.883333333,13.03333333,7.725,16.39516129,15.7016129,13.95,8.572580645,0.45,-0.678571429,0.96140553,6.482974909,13.27392473,7.657526882,7.093958013,7.4,1965,314
0603-10013,Gaultheria shallon,Fruit,2003,8,229,50,46.38581855,-121.8100338,2.580645161,0.982142857,2.532258065,3.883333333,13.03333333,7.725,16.39516129,15.7016129,13.95,8.572580645,0.45,-0.678571429,0.96140553,6.482974909,13.27392473,7.657526882,7.093958013,6.7,2099,332
0603-10017,Gaultheria shallon,Fruit,2003,8,231,70,46.50170423,-121.5787137,2.10483871,0.821428571,2.588709677,4.116666667,13.21666667,7.716666667,16.62903226,15.87096774,13.85,8.556451613,0.1,-0.964285714,0.653993856,6.640681005,13.40555556,7.502150538,7.050595238,5.7,1775,286
0609-1661,Gaultheria shallon,Fruit,2003,8,238,2,47.35981188,-123.2801215,5.951612903,4.151785714,6.306451613,7.325,10.425,15.25833333,17.41935484,16.71774194,15.01666667,10.97580645,4.0125,2.869047619,4.324148745,8.018817204,16.46514337,10.00165771,9.702441757,10.1,2370,317
0609-1662,Gaultheria shallon,Fruit,2003,8,238,4,47.35981334,-123.2795256,5.951612903,4.151785714,6.306451613,7.325,10.425,15.25833333,17.41935484,16.71774194,15.01666667,10.97580645,4.0125,2.869047619,4.324148745,8.018817204,16.46514337,10.00165771,9.702441757,10.1,2367,317
0609-1400,Gaultheria shallon,Fruit,2003,8,238,10,47.38268256,-123.3222532,5.951612903,4.151785714,6.306451613,7.325,10.425,15.25833333,17.41935484,16.71774194,15.01666667,10.97580645,4.0125,2.869047619,4.324148745,8.018817204,16.46514337,10.00165771,9.702441757,9.5,2739,366
0609-1677,Gaultheria shallon,Fruit,2003,8,238,20,47.42298523,-123.2990051,5.951612903,4.151785714,6.306451613,7.325,10.425,15.25833333,17.41935484,16.71774194,15.01666667,10.97580645,4.0125,2.869047619,4.324148745,8.018817204,16.46514337,10.00165771,9.702441757,9.2,2779,371
0609-1664,Gaultheria shallon,Fruit,2003,8,239,1,47.35990464,-123.2789831,5.951612903,4.151785714,6.306451613,7.325,10.425,15.25833333,17.41935484,16.71774194,15.01666667,10.97580645,4.0125,2.869047619,4.324148745,8.018817204,16.46514337,10.00165771,9.702441757,10.1,2364,317
0609-1663,Gaultheria shallon,Fruit,2003,8,239,10,47.36019116,-123.2795673,5.951612903,4.151785714,6.306451613,7.325,10.425,15.25833333,17.41935484,16.71774194,15.01666667,10.97580645,4.0125,2.869047619,4.324148745,8.018817204,16.46514337,10.00165771,9.702441757,10.1,2369,317
0603-10025,Gaultheria shallon,Fruit,2003,9,245,70,46.61376271,-121.7444523,4.419354839,3.732142857,5.596774194,7.391666667,16.15,10.80833333,18.75,18.27419355,16.39166667,11.26612903,3.11875,1.952380952,3.367959549,9.71281362,15.94417563,10.25884857,9.820949341,7.7,1843,329
0603-10029,Gaultheria shallon,Fruit,2003,9,247,85,46.63777505,-121.6331135,1.596774194,-0.169642857,1.362903226,2.866666667,12.125,6.55,15.75806452,15.00806452,13.025,7.588709677,-0.9625,-1.904761905,-0.159210189,5.451523298,12.43870968,6.550403226,6.070356504,8.5,1609,256
0603-10033,Gaultheria shallon,Fruit,2003,9,247,95,46.63769983,-121.6313385,1.596774194,-0.169642857,1.362903226,2.866666667,12.125,6.55,15.75806452,15.00806452,13.025,7.588709677,-0.9625,-1.904761905,-0.159210189,5.451523298,12.43870968,6.550403226,6.070356504,8.5,1607,255
0603-10030,Gaultheria shallon,Fruit,2003,9,247,95,46.63170863,-121.6106391,1.596774194,-0.169642857,1.362903226,2.866666667,12.125,6.55,15.75806452,15.00806452,13.025,7.588709677,-0.9625,-1.904761905,-0.159210189,5.451523298,12.43870968,6.550403226,6.070356504,8.1,1655,258
0603-10032,Gaultheria shallon,Fruit,2003,9,248,5,46.72234707,-121.8326081,3.379032258,1.392857143,2.443548387,4.066666667,13,7.858333333,16.35483871,15.73387097,13.95,8.814516129,0.525,-0.30952381,1.487455197,6.503405018,13.315681,7.763172043,7.267428316,6.7,2015,385
0605-7568,Gaultheria shallon,Fruit,2003,9,267,25,48.88727434,-121.9132394,4.887096774,3.883928571,5.048387097,7.641666667,10.79166667,15.425,17.91935484,17.62903226,15.28333333,10.75806452,3,2.107142857,3.626056067,7.827240145,16.99112903,9.68046595,9.531222799,7.3,1924,391
